HA,W_R
2.6519,2.9693
-2.1535,6.8814
2.1526,3.3758
-0.5287,5.5586
-1.295,6.1825
0.4489,4.7628
-0.385,5.4416
0.9104,4.387
2.7437,2.8946
2.1635,3.3669
1.2399,4.1188
1.4171,3.9745
-0.7011,5.699
-0.4354,5.4827
0.8992,4.3962
1.5272,3.8849
-0.6449,5.6532
-2.5323,7.1898
-2.5599,7.2122
-1.8766,6.656
-0.7494,5.7383
3.0554,2.6408
-1.4541,6.312
0.3196,4.868
-2.1519,6.8801
2.8515,2.8068
-0.2468,5.3291
-1.5977,6.4289
-0.7332,5.7251
-2.2376,6.9498
-1.1009,6.0245
-0.7038,5.7012
-2.0171,6.7703
1.0615,4.264
-2.2212,6.9365
1.0411,4.2806
-0.4795,5.5186
0.0006,5.1277
-2.7045,7.3299
-1.4312,6.2933
-2.2402,6.952
-1.8317,6.6194
-0.2023,5.2929
-0.1073,5.2156
-0.4444,5.49
2.3405,3.2228
-1.528,6.3722
-1.3921,6.2615
2.6415,2.9778
-2.2009,6.92
2.6914,2.9371
0.649,4.5999
0.9114,4.3862
2.3503,3.2148
2.5206,3.0762
2.3208,3.2388
-0.0019,5.1298
0.2094,4.9577
-0.7431,5.7332
2.1912,3.3443
-0.6398,5.6491
1.3296,4.0458
2.2427,3.3024
-1.2673,6.1599
0.6173,4.6257
-2.248,6.9583
0.4168,4.7889
1.0664,4.26
1.5346,3.8789
-2.9431,7.5242
1.1722,4.1739
3.0234,2.6668
0.503,4.7187
-2.8909,7.4817
-0.0918,5.2029
-1.9194,6.6908
1.3094,4.0622
2.8858,2.7789
1.9741,3.5211
2.5907,3.0191
0.8295,4.4529
-0.6256,5.6375
-1.8627,6.6446
-0.0148,5.1403
-1.7692,6.5685
0.9541,4.3515
-2.4732,7.1416
-2.0623,6.8071
-2.178,6.9013
-3.0555,7.6157
3.0249,2.6656
-1.944,6.7108
-0.6545,5.661
-1.761,6.5618
-1.1983,6.1037
2.1134,3.4077
2.6137,3.0004
-2.4095,7.0898
-2.9022,7.4909
2.5001,3.0929
-3.0,7.5705
0.6095,4.632
-1.0035,5.9452
1.3401,4.0372
-1.0715,6.0005
-1.0369,5.9723
1.5,3.9071
-1.9343,6.7029
-2.0122,6.7663
-2.1728,6.8971
-2.9669,7.5436
-2.8515,7.4496
-0.4932,5.5297
-1.2406,6.1382
1.8034,3.6601
-1.7207,6.529
-0.6973,5.6959
-2.8788,7.4718
3.0832,2.6182
-2.7578,7.3733
-2.3296,7.0247
0.3289,4.8604
0.7552,4.5134
-1.7763,6.5743
-0.1874,5.2808
-2.6417,7.2788
-1.2035,6.108
1.95,3.5407
-1.5438,6.385
-1.2435,6.1405
-2.128,6.8606
-2.4462,7.1197
2.3863,3.1855
-1.0311,5.9676
2.6039,3.0084
0.7134,4.5474
0.6093,4.6322
-1.3163,6.1998
-2.641,7.2782
0.3776,4.8208
1.3001,4.0698
-1.548,6.3884
-2.2309,6.9444
1.4666,3.9342
-1.0248,5.9625
-2.4496,7.1224
0.6309,4.6146
-3.1326,7.6785
2.0685,3.4442
3.0888,2.6136
1.514,3.8957
-0.6744,5.6772
1.7644,3.6918
-1.6022,6.4326
0.0218,5.1105
-2.1049,6.8418
-2.0396,6.7886
2.1259,3.3975
-2.3288,7.0241
0.9346,4.3673
1.3631,4.0185
1.6221,3.8076
1.5095,3.8993
0.5065,4.7159
1.8623,3.6121
2.3267,3.234
-1.8176,6.6079
1.0202,4.2977
1.9828,3.514
1.9522,3.5389
-2.8212,7.425
-0.8013,5.7805
-1.1795,6.0884
0.3538,4.8402
-0.8637,5.8313
-2.6706,7.3023
-1.5849,6.4185
-1.6822,6.4977
-1.3788,6.2507
-2.6714,7.303
-2.3098,7.0086
-1.2639,6.1571
0.5406,4.6881
2.5493,3.0528
0.4597,4.754
-0.2625,5.3419
2.4365,3.1446
-3.1337,7.6794
0.3831,4.8163
-2.4697,7.1388
-1.0465,5.9802
-1.3791,6.2509
1.4006,3.988
-0.8898,5.8526
0.5415,4.6874
-0.8328,5.8062
-0.7759,5.7599
2.1439,3.3829
2.4007,3.1738
-0.1481,5.2488
2.8784,2.7849
-2.3878,7.0721
1.2402,4.1186
1.3323,4.0436
-2.4974,7.1613
-1.8171,6.6075
1.1203,4.2162
-0.6198,5.6328
0.3104,4.8755
0.0395,5.096
1.8302,3.6382
-1.8909,6.6676
-1.25,6.1458
-2.0924,6.8316
1.623,3.8069
-0.2987,5.3714
2.0553,3.455
-1.63,6.4552
-1.4202,6.2844
-1.5184,6.3643
-2.1067,6.8433
-0.4317,5.4797
-2.4643,7.1344
-1.8374,6.624
-2.9345,7.5172
-0.1202,5.2261
2.7678,2.8749
-1.6307,6.4558
-0.6196,5.6326
0.5575,4.6743
-1.6363,6.4603
-2.5926,7.2388
-0.1487,5.2493
-1.7267,6.5339
2.0953,3.4224
0.3835,4.816
0.8432,4.4418
-2.0736,6.8163
-2.9321,7.5152
-0.2348,5.3194
-0.6999,5.698
2.0583,3.4525
-1.8867,6.6642
-2.0501,6.7972
-1.2023,6.107
1.2938,4.0749
1.5325,3.8806
1.5119,3.8974
-2.1949,6.9151
-0.7819,5.7648
-0.6634,5.6683
1.5402,3.8743
-0.676,5.6785
-1.3471,6.2249
0.467,4.748
-0.7593,5.7464
-1.5247,6.3695
-0.7342,5.7259
-2.993,7.5648
-2.9481,7.5283
0.6609,4.5902
2.0105,3.4915
0.3261,4.8627
-2.6902,7.3183
0.888,4.4053
-2.2485,6.9587
0.7128,4.5479
0.1462,5.0092
1.0388,4.2825
1.7831,3.6766
1.0281,4.2912
0.1301,5.0223
2.4486,3.1348
1.0377,4.2834
-0.2323,5.3173
1.4929,3.9128
0.1146,5.0349
1.6043,3.8221
1.4277,3.9659
1.9119,3.5717
-0.5197,5.5513
2.3017,3.2544
-3.13,7.6763
-1.826,6.6148
1.9801,3.5162
-2.4417,7.116
2.5449,3.0564
-0.3283,5.3955
-1.3562,6.2323
1.7373,3.7139
1.1977,4.1532
-0.9124,5.871
0.1801,4.9816
-1.2463,6.1428
-2.2842,6.9878
1.3603,4.0208
1.1014,4.2316
-1.986,6.745
2.3905,3.1821
-0.6762,5.6787
2.2986,3.2569
-0.9336,5.8883
2.3701,3.1987
-2.5241,7.1831
1.3227,4.0514
-2.6391,7.2767
0.3326,4.8574
-1.71,6.5203
-2.7457,7.3635
-0.7258,5.7191
3.0339,2.6583
-2.287,6.9901
-2.6891,7.3174
2.9789,2.7031
-0.3899,5.4456
-0.7302,5.7227
-0.9472,5.8993
-3.0728,7.6298
2.784,2.8617
-2.9965,7.5677
1.1913,4.1584
-3.0985,7.6507
0.7651,4.5053
0.7519,4.5161
0.2125,4.9552
-0.9586,5.9086
2.4604,3.1252
-0.2698,5.3478
-1.4962,6.3463
0.2824,4.8983
2.6722,2.9528
-0.2168,5.3047
1.0372,4.2838
-0.2733,5.3507
0.0005,5.1278
2.2147,3.3252
0.0023,5.1263
1.8117,3.6533
-1.6119,6.4405
2.9342,2.7395
-1.7248,6.5324
2.2216,3.3196
-2.5916,7.238
-1.5068,6.3549
-1.3839,6.2548
-1.1853,6.0932
0.1471,5.0085
-1.1588,6.0716
2.2379,3.3063
-0.2314,5.3166
-2.9438,7.5248
1.9431,3.5463
-0.1458,5.2469
-2.5263,7.1849
-2.4167,7.0956
-1.7138,6.5234
2.0344,3.472
0.3395,4.8518
-0.6157,5.6294
2.0921,3.425
-1.6812,6.4969
0.068,5.0728
-1.317,6.2004
2.965,2.7144
2.5037,3.0899
-1.6419,6.4649
1.0126,4.3038
-1.6904,6.5044
-0.909,5.8682
2.7219,2.9123
-2.2002,6.9194
0.7953,4.4807
-0.8499,5.8201
-1.9335,6.7023
2.9037,2.7643
-1.443,6.303
0.3638,4.832
-1.1527,6.0666
-1.1299,6.0481
0.8389,4.4453
3.0953,2.6083
-0.8363,5.809
-1.6995,6.5118
-0.3408,5.4057
-0.5816,5.6017
-0.0585,5.1758
-2.4533,7.1254
0.2821,4.8985
-1.4888,6.3402
0.9011,4.3946
-2.74,7.3588
1.2967,4.0726
1.3636,4.0181
-2.6764,7.3071
2.1238,3.3992
1.3983,3.9898
-2.0403,6.7892
2.6964,2.9331
0.5817,4.6546
2.3951,3.1783
2.4396,3.1421
3.1207,2.5876
2.8275,2.8263
2.2954,3.2595
1.136,4.2034
-0.6411,5.6501
-0.7524,5.7407
2.2854,3.2677
0.0278,5.1056
1.5894,3.8343
-1.4242,6.2876
0.2179,4.9508
1.521,3.89
0.4734,4.7428
-2.2663,6.9732
-1.0489,5.9821
-0.8597,5.8281
2.3447,3.2194
-2.3717,7.059
2.4064,3.1691
2.5474,3.0544
3.0143,2.6743
0.2239,4.9459
-0.8886,5.8516
2.5426,3.0583
1.1112,4.2236
-0.1881,5.2813
-0.8945,5.8564
2.4159,3.1614
-3.0316,7.5962
0.2739,4.9052
0.1667,4.9925
0.0902,5.0548
0.9348,4.3672
2.9369,2.7373
-1.6427,6.4655
1.4847,3.9195
1.4451,3.9517
-2.9579,7.5362
-2.672,7.3035
-0.8837,5.8476
0.036,5.0989
1.0382,4.283
1.3717,4.0115
2.9855,2.6977
1.6221,3.8076
-0.078,5.1917
1.5343,3.8791
0.5898,4.648
3.0553,2.6409
2.6786,2.9476
-1.6241,6.4504
-0.1624,5.2604
1.6105,3.8171
2.6025,3.0095
0.9002,4.3954
0.3586,4.8363
-1.8287,6.617
-3.1097,7.6598
0.4995,4.7216
0.3839,4.8157
1.2806,4.0857
3.1323,2.5782
-1.0097,5.9502
-0.7659,5.7517
0.8137,4.4658
0.739,4.5266
-2.4034,7.0848
-0.6271,5.6387
-2.4825,7.1492
-0.1555,5.2548
2.885,2.7795
-0.593,5.611
0.9717,4.3371
-2.5832,7.2312
-2.6147,7.2568
-0.6641,5.6689
-1.8203,6.6101
-0.059,5.1762
-2.5659,7.2171
-1.3652,6.2396
2.2014,3.336
-2.5667,7.2178
-0.1119,5.2193
-2.3452,7.0374
-2.9795,7.5538
2.0229,3.4814
-1.4726,6.3271
-0.9068,5.8664
-2.0935,6.8325
0.5694,4.6647
3.0348,2.6576
1.0706,4.2566
-2.1637,6.8897
-2.2734,6.979
-0.27,5.348
-0.3924,5.4477
1.0626,4.2631
3.092,2.611
2.2335,3.3099
0.6239,4.6203
-2.1988,6.9183
1.4583,3.941
-1.4881,6.3397
1.4272,3.9663
0.8979,4.3972
-1.847,6.6319
2.1435,3.3832
2.9299,2.743
-2.8456,7.4448
-3.1399,7.6844
-1.9845,6.7438
0.1899,4.9736
-2.674,7.3051
1.8629,3.6116
-0.0148,5.1403
0.4193,4.7869
2.1642,3.3663
-0.9068,5.8664
2.3431,3.2207
-2.9397,7.5214
-0.5423,5.5697
-2.7965,7.4048
-1.145,6.0604
-1.8013,6.5946
0.3875,4.8127
-1.4352,6.2966
-2.9904,7.5627
-2.0289,6.7799
-1.9168,6.6887
2.9648,2.7146
1.1936,4.1565
-2.6405,7.2778
-2.7504,7.3673
3.1339,2.5769
-2.764,7.3784
-3.0365,7.6002
-0.4995,5.5348
-1.126,6.0449
2.0288,3.4766
-0.5422,5.5696
2.1519,3.3763
-1.6995,6.5118
0.7222,4.5403
1.9045,3.5777
0.9444,4.3594
2.8466,2.8108
-1.1014,6.0249
-0.1677,5.2647
-0.5014,5.5364
-3.0538,7.6143
0.4747,4.7418
-0.1588,5.2575
2.7093,2.9226
1.9424,3.5469
-2.8265,7.4293
0.0329,5.1014
-1.9922,6.7501
-1.1185,6.0388
2.2779,3.2738
0.6521,4.5973
2.4059,3.1696
2.0577,3.453
-2.1215,6.8553
1.6677,3.7705
-2.0224,6.7746
0.6303,4.6151
0.631,4.6145
1.4453,3.9516
2.8267,2.827
2.8618,2.7984
-0.6875,5.6879
1.8257,3.6419
-2.0428,6.7913
-0.7418,5.7321
1.08,4.249
-2.2932,6.9951
1.4775,3.9254
-1.0235,5.9614
2.8086,2.8417
-1.0069,5.9479
1.2088,4.1441
-2.7255,7.347
1.7788,3.6801
0.1954,4.9691
2.1899,3.3454
-2.7019,7.3278
-1.1412,6.0573
1.9815,3.5151
1.0707,4.2565
1.1986,4.1524
-1.0453,5.9792
1.6236,3.8064
-1.3759,6.2483
-1.6095,6.4385
-2.7578,7.3733
0.2405,4.9324
0.3785,4.8201
1.8863,3.5926
0.8946,4.3999
3.0746,2.6252
0.6767,4.5773
-2.1539,6.8817
-2.655,7.2896
-0.656,5.6623
-0.5343,5.5632
0.5913,4.6468
-0.9821,5.9277
0.4098,4.7946
-0.2526,5.3338
2.7458,2.8928
-1.5837,6.4175
-0.9762,5.9229
-1.3431,6.2216
-2.5791,7.2279
-3.1226,7.6703
-0.771,5.7559
0.9585,4.3479
1.346,4.0324
-0.4765,5.5161
1.94,3.5488
-1.4604,6.3171
-1.7928,6.5877
-1.2945,6.1821
1.9121,3.5716
-1.8234,6.6126
0.9116,4.3861
2.7358,2.901
-1.1149,6.0358
1.7309,3.7191
-1.8342,6.6214
-2.8319,7.4337
1.1438,4.197
1.6915,3.7512
-1.6687,6.4867
3.0051,2.6817
-1.1807,6.0894
1.2462,4.1137
2.6687,2.9556
2.6948,2.9344
2.2943,3.2604
2.8476,2.81
2.7703,2.8729
-0.9129,5.8714
1.0048,4.3102
1.8313,3.6373
-2.2517,6.9613
1.6869,3.7549
-1.8823,6.6606
1.108,4.2262
2.3531,3.2125
-2.4005,7.0825
-0.1053,5.2139
1.2835,4.0833
-1.7273,6.5344
-0.6326,5.6432
-1.8099,6.6016
0.7603,4.5092
-1.8545,6.638
2.1878,3.3471
0.5737,4.6612
-2.0805,6.8219
0.653,4.5966
-0.9257,5.8818
1.1404,4.1998
-1.104,6.027
0.6168,4.6261
2.1826,3.3513
-0.8151,5.7918
-0.5123,5.5453
-2.9817,7.5556
1.731,3.719
-2.9023,7.491
-1.376,6.2484
-0.8771,5.8423
2.3192,3.2401
1.9862,3.5112
0.099,5.0476
2.7419,2.896
2.1325,3.3921
-0.0079,5.1346
-1.6447,6.4672
-0.1631,5.261
-0.0295,5.1522
-2.458,7.1293
0.0287,5.1048
-2.8672,7.4624
-1.5914,6.4238
1.1202,4.2162
2.8786,2.7847
-1.6393,6.4628
2.5328,3.0662
2.4981,3.0945
-0.9199,5.8771
-2.5988,7.2439
-0.6934,5.6927
0.4175,4.7883
2.5322,3.0667
1.7674,3.6894
0.6868,4.5691
0.3608,4.8345
1.5621,3.8565
0.9875,4.3243
-2.6891,7.3174
1.1847,4.1637
-2.2708,6.9769
1.305,4.0658
-0.9789,5.9251
-1.4424,6.3025
-0.9331,5.8878
1.4058,3.9837
-0.1662,5.2635
-2.1946,6.9148
-2.259,6.9673
-1.0657,5.9958
-1.6421,6.465
-0.2671,5.3457
-2.7193,7.342
-1.4003,6.2682
1.3035,4.067
1.9003,3.5812
-2.441,7.1154
-1.9107,6.6837
-2.5952,7.241
-1.9687,6.7309
-2.124,6.8574
0.1042,5.0434
0.1341,5.019
1.5841,3.8386
-1.8858,6.6634
-0.3053,5.3768
-1.7905,6.5859
2.1421,3.3843
2.2374,3.3067
1.8632,3.6114
-2.4145,7.0939
0.4559,4.7571
2.8436,2.8132
-2.7453,7.3632
2.7776,2.867
2.708,2.9236
-1.389,6.259
-0.3143,5.3841
2.3603,3.2067
-2.8089,7.4149
-2.5365,7.1932
2.4327,3.1477
-1.595,6.4267
-1.708,6.5187
-1.7451,6.5489
-2.4047,7.0859
-0.1799,5.2747
-2.602,7.2465
-0.4901,5.5272
-1.9479,6.714
-1.8718,6.652
-0.2384,5.3223
-0.4645,5.5064
-1.9596,6.7235
-1.2251,6.1256
1.1837,4.1646
-0.9203,5.8774
-1.1137,6.0349
-1.2109,6.114
1.6432,3.7905
-0.0186,5.1433
2.4285,3.1512
-0.2149,5.3032
2.0496,3.4596
-1.7119,6.5219
-1.7074,6.5182
-0.1181,5.2244
-0.0278,5.1508
-1.8149,6.6057
-3.0534,7.614
-1.5102,6.3577
-1.6308,6.4558
-1.4667,6.3222
-0.3003,5.3727
0.7848,4.4893
-1.8718,6.652
-1.2101,6.1134
-0.5845,5.604
2.9062,2.7623
-1.4806,6.3336
1.8136,3.6517
-0.7526,5.7409
-0.2102,5.2993
-0.7819,5.7648
-1.9891,6.7475
-0.1165,5.223
2.9954,2.6896
2.1244,3.3987
-1.3305,6.2114
2.0136,3.4889
2.4144,3.1626
-0.5222,5.5533
1.1262,4.2114
-0.3835,5.4404
0.1695,4.9902
-1.7039,6.5154
1.9318,3.5555
-1.9989,6.7555
0.3369,4.8539
2.7175,2.9159
-2.1545,6.8822
1.4701,3.9314
-1.0741,6.0026
-2.2438,6.9549
0.6682,4.5842
1.8857,3.5931
-2.4505,7.1232
-2.9568,7.5353
0.7445,4.5221
-2.7776,7.3895
2.4943,3.0976
0.3932,4.8081
2.4817,3.1078
-0.4334,5.481
0.5491,4.6812
2.4167,3.1608
1.4192,3.9728
0.0062,5.1232
-1.1159,6.0367
-3.0622,7.6211
-0.502,5.5369
2.0433,3.4647
3.0107,2.6772
-2.2594,6.9676
0.3193,4.8683
2.6378,2.9808
-2.8349,7.4361
1.536,3.8777
-2.0805,6.8219
-0.8656,5.8329
-1.8755,6.6551
2.7744,2.8696
-2.8022,7.4095
-2.3612,7.0505
-1.776,6.5741
0.7319,4.5324
-1.234,6.1328
1.4966,3.9098
-0.7538,5.7419
-0.5453,5.5721
0.138,5.0159
-0.4782,5.5175
-1.8043,6.5971
1.6671,3.771
-2.1459,6.8752
-1.4998,6.3492
-0.7857,5.7678
1.3581,4.0226
-1.9927,6.7505
-1.7156,6.5249
-1.6979,6.5105
-0.0271,5.1503
2.0622,3.4494
1.5088,3.8999
0.5545,4.6768
-1.0196,5.9583
-0.2181,5.3058
-3.1405,7.6849
1.6203,3.8091
-2.6935,7.321
-0.846,5.8169
1.4712,3.9305
2.4241,3.1547
-0.0235,5.1473
0.176,4.9849
1.3139,4.0586
-2.9859,7.559
1.288,4.0796
-0.6884,5.6886
-1.2594,6.1535
1.2412,4.1177
-1.8899,6.6668
1.515,3.8948
-0.0424,5.1627
-0.0006,5.1287
2.7787,2.8661
1.2855,4.0817
1.799,3.6636
2.0252,3.4795
-2.4577,7.129
1.1735,4.1729
-2.5274,7.1858
1.0028,4.3118
1.9898,3.5083
1.4082,3.9818
-2.0635,6.8081
-3.0896,7.6435
-2.3575,7.0475
-1.4654,6.3212
-2.5403,7.1963
-1.4099,6.276
0.7575,4.5115
-1.4057,6.2726
2.1666,3.3644
-0.8566,5.8256
-2.9983,7.5691
1.8765,3.6005
-0.1947,5.2867
-2.9442,7.5251
1.3893,3.9972
2.7655,2.8768
-2.6912,7.3191
1.1175,4.2184
1.6814,3.7594
-0.6997,5.6978
0.5623,4.6704
-0.0655,5.1815
0.55,4.6804
1.2801,4.0861
-1.5073,6.3553
-2.92,7.5054
-1.9955,6.7527
2.4254,3.1537
0.999,4.3149
2.0768,3.4375
3.0055,2.6814
1.7307,3.7192
1.8035,3.66
-1.0296,5.9664
-1.4476,6.3067
1.4536,3.9448
-1.3916,6.2611
-0.006,5.1331
-2.0552,6.8013
0.3938,4.8076
-1.6828,6.4982
2.0961,3.4218
-1.2334,6.1323
1.9177,3.567
-0.2459,5.3284
-0.5765,5.5975
3.0222,2.6678
0.0954,5.0505
-2.9449,7.5257
2.4989,3.0938
-2.1015,6.839
0.4114,4.7933
-1.045,5.9789
1.4868,3.9178
0.9232,4.3766
0.1497,5.0063
-1.6833,6.4986
-0.7394,5.7302
0.6361,4.6104
-1.6865,6.5012
-1.7381,6.5432
2.5333,3.0658
-2.9626,7.5401
-1.6485,6.4703
1.3483,4.0306
0.4229,4.7839
-2.9407,7.5222
-1.2594,6.1535
0.3305,4.8591
-3.0549,7.6152
2.4656,3.121
0.0657,5.0747
0.1396,5.0146
0.5747,4.6603
-2.4451,7.1188
-1.0607,5.9917
2.9572,2.7207
-2.0105,6.765
1.7072,3.7384
-1.0624,5.9931
-1.5995,6.4304
2.7367,2.9003
1.3047,4.066
-0.1621,5.2602
-2.2339,6.9468
-2.5801,7.2287
2.7816,2.8637
-2.402,7.0837
-0.9668,5.9153
-3.1024,7.6539
-2.6968,7.3237
0.7036,4.5554
-0.372,5.4311
-0.9854,5.9304
-0.1359,5.2388
-1.0241,5.9619
-2.3585,7.0483
-2.9129,7.4996
-1.7063,6.5173
1.6883,3.7538
-1.7996,6.5933
-0.3049,5.3764
-2.0358,6.7856
-1.5241,6.369
-2.928,7.5119
-2.6097,7.2528
1.3383,4.0387
0.0095,5.1205
-2.4094,7.0897
1.0416,4.2802
-0.3369,5.4025
0.7936,4.4821
-0.6372,5.647
-2.7393,7.3583
-0.3906,5.4462
2.0583,3.4525
0.3448,4.8475
1.9071,3.5756
0.4754,4.7412
0.6606,4.5904
-2.2259,6.9403
-0.6771,5.6794
1.7213,3.7269
1.6045,3.822
0.2929,4.8898
3.0416,2.652
0.8079,4.4705
1.2054,4.1469
1.5616,3.8569
-1.8846,6.6625
0.2782,4.9017
0.5495,4.6809
1.8284,3.6397
2.4592,3.1262
-1.7501,6.553
-1.7821,6.579
-3.1164,7.6653
1.2937,4.075
-0.6365,5.6464
-0.2601,5.34
-0.5657,5.5887
1.162,4.1822
1.6354,3.7968
1.0437,4.2785
2.8746,2.788
1.9856,3.5117
-2.3182,7.0155
-1.7513,6.5539
-2.4349,7.1105
-0.2853,5.3605
2.8326,2.8222
2.2117,3.3277
-1.136,6.053
-2.7213,7.3436
1.2899,4.0781
2.9996,2.6862
-1.631,6.456
0.9486,4.3559
2.6703,2.9543
-0.9622,5.9115
0.1173,5.0327
-0.3527,5.4153
-0.3375,5.403
3.067,2.6314
2.17,3.3616
-2.855,7.4525
0.6865,4.5693
2.5593,3.0447
-2.7136,7.3374
0.8458,4.4396
-1.8814,6.6599
2.5101,3.0847
0.6148,4.6277
-0.6655,5.67
0.0223,5.1101
2.1143,3.4069
-2.7875,7.3975
2.8347,2.8205
-0.4234,5.4729
-1.7118,6.5218
0.1673,4.992
-3.013,7.5811
-2.9535,7.5327
3.0428,2.6511
-2.2233,6.9382
-2.2587,6.967
1.8979,3.5831
-1.1147,6.0357
2.5684,3.0373
0.783,4.4908
2.4085,3.1674
-0.5918,5.61
-0.7849,5.7672
2.5455,3.0559
0.2467,4.9274
2.5931,3.0172
-1.9786,6.739
2.8291,2.825
-0.7922,5.7731
2.7229,2.9115
0.4799,4.7375
-1.882,6.6603
2.0299,3.4757
2.9805,2.7018
-2.451,7.1236
-0.7533,5.7415
-0.9131,5.8716
2.8148,2.8367
-1.9307,6.7
0.319,4.8685
-0.4955,5.5316
0.3482,4.8447
2.1527,3.3757
1.9003,3.5812
1.5778,3.8437
0.9069,4.3899
1.151,4.1912
2.2201,3.3208
-0.0475,5.1669
2.1885,3.3465
1.0541,4.2701
-3.1071,7.6577
1.4746,3.9277
0.8086,4.4699
-1.5536,6.393
2.6471,2.9732
2.7967,2.8514
-2.7619,7.3767
2.6985,2.9313
-0.1102,5.2179
1.6429,3.7907
-0.4174,5.468
2.6155,2.9989
-2.5072,7.1693
0.0554,5.0831
-1.5176,6.3637
-1.4994,6.3489
0.2873,4.8943
3.0837,2.6178
0.4754,4.7412
1.0557,4.2688
2.3683,3.2002
1.6914,3.7512
-2.1909,6.9118
-2.084,6.8248
-2.6309,7.27
-2.5182,7.1783
3.0059,2.6811
2.661,2.9619
0.1201,5.0304
-0.3185,5.3875
-1.3736,6.2465
-1.358,6.2338
0.2903,4.8919
-1.0079,5.9487
-0.1242,5.2293
-0.1245,5.2296
1.2721,4.0926
-2.0784,6.8202
-0.6223,5.6348
-2.2208,6.9362
-2.2802,6.9845
-3.0812,7.6366
-0.8301,5.804
0.6833,4.5719
1.3682,4.0143
-0.9151,5.8732
0.946,4.3581
-1.2619,6.1555
-1.2797,6.17
-0.065,5.1811
-2.4723,7.1409
-0.8066,5.7849
-0.8264,5.801
2.9281,2.7444
0.5626,4.6702
-0.4802,5.5191
-0.8521,5.8219
1.5756,3.8455
-0.6361,5.6461
0.4055,4.7981
1.7852,3.6749
2.0224,3.4818
1.6473,3.7871
2.2551,3.2923
0.3085,4.8771
-2.52,7.1797
1.8538,3.619
2.3546,3.2113
0.2409,4.9321
1.1735,4.1729
-1.5575,6.3962
0.3349,4.8556
0.7127,4.548
2.1407,3.3855
-2.4795,7.1468
2.0984,3.4199
0.0757,5.0666
1.3306,4.045
2.6081,3.0049
-1.4287,6.2913
1.143,4.1977
-0.7063,5.7032
-1.1699,6.0806
-0.719,5.7135
-0.5814,5.6015
0.7542,4.5142
1.3466,4.0319
2.2917,3.2625
-1.6534,6.4742
2.0292,3.4762
0.9527,4.3526
2.429,3.1507
1.1302,4.2081
-1.8335,6.6209
2.3631,3.2044
-2.201,6.92
-0.6751,5.6778
2.3202,3.2393
-1.6073,6.4367
2.0479,3.461
1.6081,3.819
1.0374,4.2837
1.5328,3.8803
-1.7161,6.5253
-0.4433,5.4891
-0.1784,5.2734
2.2059,3.3324
3.0937,2.6096
-0.1041,5.213
1.9111,3.5724
-0.1014,5.2108
-2.6911,7.319
-2.654,7.2888
-1.4779,6.3314
2.256,3.2916
1.0208,4.2972
0.5396,4.6889
-0.9789,5.9251
-1.3695,6.2431
-0.3514,5.4143
3.0469,2.6477
2.0719,3.4415
0.961,4.3459
2.4928,3.0988
-0.5426,5.5699
3.0937,2.6096
-0.3803,5.4378
-2.1864,6.9082
-0.3879,5.444
-0.9369,5.8909
-1.0918,6.017
1.9979,3.5017
-1.2221,6.1231
2.055,3.4552
1.4646,3.9359
1.3123,4.0599
3.0149,2.6738
1.5823,3.8401
-2.9464,7.5269
0.3768,4.8215
-2.9005,7.4895
-1.9565,6.721
-1.149,6.0636
-2.0178,6.7709
3.031,2.6607
1.7317,3.7184
1.1144,4.221
2.9115,2.7579
2.1329,3.3918
-2.5226,7.1819
2.9093,2.7597
0.2915,4.8909
-0.5802,5.6005
2.3191,3.2402
-2.232,6.9453
-2.51,7.1716
0.7037,4.5553
2.3754,3.1944
-0.597,5.6142
-2.8128,7.4181
2.7695,2.8735
-1.9335,6.7023
1.48,3.9233
-0.7116,5.7075
-0.7625,5.749
-2.7055,7.3308
-0.2211,5.3082
-0.0699,5.1851
2.5819,3.0263
2.4859,3.1044
1.791,3.6701
2.4841,3.1059
0.4788,4.7384
-1.1092,6.0312
2.0636,3.4482
-1.7078,6.5185
-1.776,6.5741
-1.7877,6.5836
-2.6727,7.3041
1.0387,4.2826
-1.9324,6.7014
3.0253,2.6653
-2.8557,7.453
-1.5232,6.3682
1.0553,4.2691
1.7535,3.7007
0.3076,4.8778
-1.8237,6.6129
-0.4613,5.5038
-0.9187,5.8761
2.1642,3.3663
0.2623,4.9147
2.4566,3.1283
-0.4306,5.4788
-3.0543,7.6147
2.2633,3.2856
1.1102,4.2244
1.2217,4.1336
-0.964,5.913
0.0341,5.1004
0.0993,5.0474
-1.8153,6.606
-1.435,6.2964
1.586,3.837
-1.3284,6.2097
-1.9232,6.6939
-0.6591,5.6648
-2.2055,6.9237
2.5809,3.0271
-2.4003,7.0823
-2.5878,7.2349
-1.859,6.6416
1.7148,3.7322
-0.9628,5.912
1.6171,3.8117
2.8388,2.8171
-1.1366,6.0535
1.4496,3.9481
-2.69,7.3181
-2.2375,6.9498
2.4336,3.147
0.036,5.0989
2.1078,3.4122
-1.5013,6.3504
0.716,4.5453
2.9694,2.7108
-1.2163,6.1184
2.2866,3.2667
-1.672,6.4894
-0.1654,5.2629
-3.016,7.5835
-1.3522,6.229
-1.2483,6.1444
2.4179,3.1598
-2.8522,7.4502
-2.299,6.9998
-1.0949,6.0196
-0.0294,5.1521
0.9936,4.3193
2.0438,3.4643
-1.5546,6.3938
-2.2038,6.9223
2.4476,3.1356
-0.4843,5.5225
-2.8527,7.4506
-1.5684,6.405
1.7118,3.7346
-0.2592,5.3392
0.6583,4.5923
-2.5067,7.1689
-2.0042,6.7598
0.0019,5.1267
2.7988,2.8497
-0.8632,5.8309
-2.768,7.3816
-0.005,5.1323
3.0758,2.6242
1.6657,3.7722
0.1731,4.9873
1.0992,4.2333
2.359,3.2077
-3.0686,7.6264
-1.5686,6.4052
1.1066,4.2273
-1.2001,6.1052
0.0483,5.0889
1.3906,3.9961
-1.5155,6.362
1.7034,3.7415
0.7759,4.4965
2.3286,3.2325
-0.3386,5.4039
-0.3314,5.398
0.5469,4.683
-2.8692,7.464
1.1345,4.2046
1.9451,3.5447
2.7455,2.8931
-1.725,6.5325
-0.9223,5.8791
2.5415,3.0592
-0.4139,5.4652
-0.1358,5.2388
1.8949,3.5856
-1.5958,6.4274
-2.6958,7.3229
3.0635,2.6342
-2.0876,6.8277
0.8059,4.4721
-1.2571,6.1516
-2.3751,7.0618
-0.5944,5.6121
-0.6601,5.6656
-0.1646,5.2622
0.6188,4.6244
2.034,3.4723
2.16,3.3697
3.0216,2.6683
-3.0276,7.593
-2.3915,7.0751
-0.9156,5.8736
1.73,3.7198
0.4339,4.775
-0.5158,5.5481
2.859,2.8007
0.3718,4.8255
2.4217,3.1567
0.2709,4.9077
-1.3986,6.2668
-1.4139,6.2793
0.6433,4.6045
0.7751,4.4972
0.7458,4.521
3.019,2.6704
-1.9061,6.68
0.0139,5.1169
1.7478,3.7053
2.2567,3.291
-3.0208,7.5874
0.9048,4.3916
-2.0553,6.8014
-2.8083,7.4144
2.5521,3.0505
0.7127,4.548
1.6923,3.7505
-2.4359,7.1113
-2.6428,7.2797
-1.4771,6.3307
2.7998,2.8489
2.497,3.0954
1.173,4.1733
-2.2822,6.9862
1.9268,3.5596
2.1683,3.363
-2.8518,7.4499
1.0627,4.2631
-2.8226,7.4261
2.4414,3.1407
0.5635,4.6695
-1.1621,6.0743
1.1666,4.1785
1.2111,4.1422
-1.05,5.983
-1.5221,6.3674
-0.5394,5.5673
0.6856,4.5701
-2.3665,7.0548
2.2445,3.301
-0.0416,5.1621
1.5273,3.8848
2.4875,3.1031
1.4261,3.9672
-0.3652,5.4255
0.6521,4.5973
2.3317,3.23
-3.0831,7.6382
-1.9582,6.7224
1.4009,3.9877
-2.6982,7.3248
-1.8563,6.6394
0.2096,4.9576
-2.3561,7.0463
-0.0914,5.2026
-2.3567,7.0468
1.2276,4.1288
-2.297,6.9982
-2.4259,7.1031
-0.2154,5.3036
1.732,3.7182
-1.6934,6.5068
0.4759,4.7408
-0.9215,5.8784
-2.6924,7.3201
1.9537,3.5377
1.0003,4.3139
0.6525,4.597
2.2391,3.3053
1.5208,3.8901
2.1082,3.4119
1.7948,3.6671
-1.3283,6.2096
1.7719,3.6857
2.6092,3.004
-0.024,5.1477
0.5522,4.6787
2.0674,3.4451
2.6793,2.947
-2.2296,6.9433
2.3669,3.2013
-2.5105,7.172
0.6358,4.6106
-1.9654,6.7282
2.4472,3.1359
1.0424,4.2796
2.0,3.5
2.9248,2.7471
-1.5968,6.4282
1.421,3.9714
-2.9773,7.552
-2.1705,6.8952
-0.2352,5.3197
2.8814,2.7824
-1.5572,6.3959
-1.0389,5.974
2.4766,3.112
2.284,3.2688
-1.4226,6.2863
-1.5781,6.4129
-2.4932,7.1579
-1.3675,6.2415
1.952,3.5391
2.8262,2.8274
0.4129,4.7921
-3.0926,7.6459
-1.5644,6.4018
0.5691,4.6649
0.5637,4.6693
-1.8314,6.6192
0.7733,4.4987
-1.6176,6.4451
-1.7367,6.5421
2.5145,3.0811
-2.4154,7.0946
2.9712,2.7093
0.2884,4.8934
0.2927,4.8899
1.4344,3.9605
1.2742,4.0909
2.5514,3.0511
0.8465,4.4391
-0.9678,5.9161
-1.3757,6.2482
-0.1764,5.2718
2.5545,3.0486
2.3249,3.2355
2.1967,3.3399
-0.7358,5.7272
-0.1024,5.2116
0.6993,4.5589
-3.1349,7.6803
2.2365,3.3075
2.4957,3.0964
0.3265,4.8624
1.2606,4.1019
1.5705,3.8497
3.0639,2.6339
-0.7756,5.7596
-2.7136,7.3374
-0.1422,5.244
0.8962,4.3986
2.3195,3.2399
-2.5322,7.1897
1.8811,3.5968
-2.2793,6.9838
-0.4693,5.5103
0.8079,4.4705
1.401,3.9876
1.0833,4.2463
2.1087,3.4115
2.0413,3.4664
2.7357,2.9011
-1.8309,6.6187
2.7926,2.8547
1.0095,4.3064
1.4237,3.9692
3.0817,2.6194
-2.0516,6.7984
-0.6166,5.6302
2.6112,3.0024
0.8857,4.4072
-0.8853,5.8489
0.0324,5.1018
-0.6651,5.6697
2.2955,3.2594
2.9268,2.7455
3.0309,2.6607
-1.5542,6.3935
-1.1616,6.0739
-1.6455,6.4678
-2.2103,6.9276
-0.748,5.7372
2.0017,3.4986
-1.0543,5.9865
2.5278,3.0703
1.8709,3.6051
-0.1524,5.2523
-1.3299,6.2109
0.694,4.5632
-0.4392,5.4858
0.3781,4.8204
2.6808,2.9458
-1.7063,6.5173
-1.3529,6.2296
1.2261,4.13
-1.5913,6.4237
-0.2904,5.3646
1.1322,4.2065
2.3508,3.2144
-0.0826,5.1954
0.6056,4.6352
-2.581,7.2294
2.1799,3.3535
0.2487,4.9257
2.7094,2.9225
1.2421,4.117
1.1858,4.1628
0.2679,4.9101
2.6646,2.9589
1.8833,3.595
1.3957,3.992
2.5257,3.072
2.1064,3.4134
2.4939,3.0979
-1.7628,6.5633
1.7809,3.6784
-0.3046,5.3762
2.4368,3.1444
0.0124,5.1181
2.2632,3.2857
2.4813,3.1082
-1.8931,6.6694
3.1191,2.5889
0.5198,4.705
-0.9991,5.9416
-0.0986,5.2085
-1.6429,6.4657
1.8428,3.628
-1.0626,5.9933
3.0764,2.6237
2.441,3.141
2.8712,2.7908
2.0499,3.4594
-0.8826,5.8467
2.6686,2.9557
2.6429,2.9766
1.2354,4.1225
-2.0727,6.8156
-0.5691,5.5915
-1.2335,6.1324
-2.2109,6.9281
-0.241,5.3244
1.6703,3.7684
0.1598,4.9981
-1.6084,6.4376
2.6691,2.9553
-0.5817,5.6018
2.8962,2.7704
-0.3501,5.4132
-1.0623,5.993
-0.4551,5.4987
0.3744,4.8234
2.3567,3.2096
-1.6262,6.4521
-0.423,5.4726
0.5879,4.6496
1.1867,4.1621
-0.7087,5.7052
2.2263,3.3158
-2.4257,7.103
-0.3483,5.4118
2.3621,3.2052
0.1556,5.0015
2.5458,3.0557
-1.9182,6.6898
-1.1907,6.0976
1.3771,4.0071
-0.5501,5.576
-2.1786,6.9018
1.17,4.1757
-2.3179,7.0152
-2.2409,6.9525
1.3352,4.0412
1.957,3.535
-1.8687,6.6495
0.3821,4.8171
0.7577,4.5114
-1.2645,6.1576
-2.1567,6.884
1.1317,4.2069
0.8194,4.4611
-2.4722,7.1408
1.6581,3.7783
-2.9912,7.5633
-0.0859,5.1981
-0.4151,5.4661
-1.1708,6.0814
-2.9994,7.57
0.3332,4.8569
-2.1242,6.8575
2.8035,2.8459
0.5989,4.6406
1.4663,3.9345
-0.3815,5.4388
1.9639,3.5294
1.2984,4.0712
-2.5943,7.2402
-2.7192,7.3419
1.6042,3.8222
-0.0265,5.1498
1.4979,3.9088
-1.3855,6.2561
-2.8655,7.461
-0.7238,5.7175
-2.8064,7.4129
1.7844,3.6755
-2.7824,7.3934
1.8262,3.6415
0.8751,4.4158
2.4249,3.1541
2.6342,2.9837
1.5644,3.8546
0.0644,5.0758
0.9845,4.3267
1.8103,3.6544
-1.0919,6.0171
3.1223,2.5863
1.889,3.5904
1.7493,3.7041
-0.2474,5.3296
-0.886,5.8495
-1.7536,6.5558
-0.3627,5.4235
2.7543,2.8859
0.6989,4.5592
1.2427,4.1165
-1.578,6.4129
-2.5514,7.2053
-2.1288,6.8613
0.4717,4.7442
1.8025,3.6608
-1.714,6.5236
-1.0317,5.9681
1.9336,3.5541
0.6544,4.5955
-0.4405,5.4868
0.3138,4.8727
-1.0894,6.0151
-1.7597,6.5608
-0.0136,5.1393
-1.1322,6.0499
-3.0953,7.6481
-1.4262,6.2893
-1.2879,6.1767
0.7515,4.5164
1.0611,4.2644
0.5046,4.7174
-3.0221,7.5885
2.4914,3.0999
-1.6804,6.4962
-0.725,5.7184
-0.238,5.322
0.9798,4.3305
-1.5615,6.3994
0.8694,4.4204
-0.616,5.6297
-2.1046,6.8416
-2.5084,7.1703
2.335,3.2273
0.7987,4.478
0.3967,4.8053
-2.173,6.8972
-2.5619,7.2139
1.0208,4.2972
-0.342,5.4066
-2.8389,7.4394
1.0239,4.2946
-0.0954,5.2059
-1.4301,6.2925
0.2047,4.9616
-1.8338,6.6211
0.7766,4.496
2.357,3.2094
1.205,4.1472
0.0505,5.0871
-2.8775,7.4708
1.1785,4.1688
-1.504,6.3526
-2.015,6.7686
0.806,4.472
2.5807,3.0273
-1.7488,6.5519
1.9469,3.5432
-1.0612,5.9921
-0.854,5.8234
2.4021,3.1726
1.2216,4.1337
-0.9547,5.9054
1.3895,3.997
0.6809,4.5739
1.4143,3.9768
-0.4969,5.5327
2.1563,3.3728
1.0919,4.2393
-0.4568,5.5001
-1.6142,6.4423
-1.9485,6.7145
0.8559,4.4314
-3.0251,7.5909
0.3138,4.8727
0.5712,4.6632
-1.6512,6.4725
1.0183,4.2992
0.2239,4.9459
2.8156,2.836
2.691,2.9375
-0.9086,5.8679
2.0287,3.4766
-1.9186,6.6901
-0.4648,5.5066
-1.628,6.4536
0.4323,4.7763
2.5052,3.0887
1.12,4.2164
-3.0352,7.5992
2.5049,3.089
0.3418,4.8499
-2.4304,7.1068
-1.6495,6.4711
-1.2269,6.127
2.8419,2.8146
1.2235,4.1322
-0.5506,5.5764
3.1159,2.5915
0.2406,4.9323
-0.7758,5.7598
-0.0505,5.1693
-2.4739,7.1422
-1.1469,6.0619
2.6757,2.9499
1.7863,3.674
-2.8053,7.412
0.915,4.3833
1.2747,4.0905
2.4401,3.1417
1.1091,4.2253
2.9563,2.7215
1.5176,3.8927
0.0768,5.0657
0.652,4.5974
1.166,4.179
1.3342,4.042
1.562,3.8566
-0.5032,5.5379
-2.4627,7.1331
1.6455,3.7886
0.2986,4.8851
-2.6864,7.3152
1.8455,3.6258
0.1185,5.0317
0.0733,5.0685
1.2108,4.1425
2.71,2.922
-1.4598,6.3166
-0.3124,5.3825
-0.7738,5.7582
-0.9341,5.8887
2.323,3.237
0.066,5.0745
2.5749,3.032
2.8966,2.7701
-3.0759,7.6323
0.2282,4.9424
0.2132,4.9546
2.4079,3.1679
-2.5293,7.1873
-0.1393,5.2416
-0.3625,5.4233
2.5215,3.0754
2.8423,2.8143
-2.7404,7.3592
-0.5634,5.5869
0.6837,4.5716
-0.6268,5.6385
1.7081,3.7376
-2.7788,7.3904
-2.0036,6.7593
0.1075,5.0407
-1.5304,6.3741
2.7396,2.8979
-0.1478,5.2485
0.3771,4.8212
-2.3629,7.0518
-2.5427,7.1982
1.5139,3.8957
0.1888,4.9745
-0.8102,5.7878
2.4321,3.1482
1.2828,4.0839
1.58,3.8419
0.9555,4.3503
1.3288,4.0464
-0.0521,5.1706
0.8184,4.4619
2.7169,2.9164
-2.0869,6.8272
-0.8299,5.8038
2.227,3.3152
0.7881,4.4866
-2.2249,6.9395
0.1406,5.0137
1.6291,3.802
-0.6367,5.6465
0.2774,4.9024
0.9849,4.3264
2.3491,3.2158
-0.3994,5.4534
2.2849,3.2681
-1.3605,6.2358
-2.2261,6.9405
0.1058,5.0421
-2.0496,6.7968
2.2458,3.2999
2.1122,3.4087
-2.7139,7.3376
2.1958,3.3406
-2.0641,6.8086
2.2425,3.3026
3.0618,2.6356
1.9624,3.5306
1.8185,3.6478
1.6218,3.8079
-0.4585,5.5015
0.7918,4.4836
-1.625,6.4511
0.0935,5.0521
-0.1488,5.2493
-2.3293,7.0245
1.2652,4.0982
-0.8029,5.7818
-1.6993,6.5116
2.6308,2.9865
-1.1424,6.0582
0.5605,4.6719
-0.2709,5.3487
-2.1076,6.844
0.5937,4.6449
-0.1301,5.2341
-0.6833,5.6845
-1.868,6.6489
-1.2402,6.1379
-2.8876,7.479
2.1367,3.3887
2.3164,3.2424
2.0418,3.466
-0.5229,5.5539
-2.2627,6.9703
-1.6219,6.4486
-0.633,5.6435
1.2948,4.0741
-0.6969,5.6956
-1.9791,6.7394
-3.0815,7.6369
0.545,4.6845
-2.8161,7.4208
1.0936,4.2379
0.4445,4.7663
0.4381,4.7715
-1.4214,6.2854
-0.7143,5.7097
-0.9561,5.9066
1.7968,3.6654
1.2221,4.1333
3.1023,2.6026
2.8528,2.8057
2.1512,3.3769
-1.7982,6.5921
3.1191,2.5889
-2.4895,7.1549
-1.0797,6.0072
-0.28,5.3562
2.055,3.4552
2.7653,2.877
-1.5365,6.3791
-0.8633,5.831
0.9184,4.3805
0.559,4.6731
-1.2824,6.1722
-0.8601,5.8284
3.1212,2.5872
0.3714,4.8258
-1.3022,6.1883
0.2327,4.9388
1.0606,4.2648
-0.8421,5.8138
-0.0604,5.1774
2.1082,3.4119
-2.8071,7.4135
-1.8177,6.608
1.2291,4.1276
-1.6408,6.464
-2.4656,7.1355
-1.9418,6.709
0.7607,4.5089
2.468,3.119
-1.0512,5.984
0.4005,4.8022
-1.4686,6.3238
2.2673,3.2824
-1.6646,6.4834
-1.0385,5.9737
-0.3785,5.4363
-1.8885,6.6656
2.2852,3.2678
1.6569,3.7793
-1.6788,6.4949
-0.1423,5.2441
-0.3039,5.3756
1.9151,3.5691
1.015,4.3019
0.8215,4.4594
0.1966,4.9682
1.1683,4.1771
1.7944,3.6674
-1.4263,6.2894
-0.1399,5.2421
1.4952,3.911
-2.4682,7.1376
2.8714,2.7906
0.2853,4.8959
-1.5582,6.3967
-2.0987,6.8368
-1.2831,6.1728
-2.6202,7.2613
-2.4346,7.1102
2.2002,3.337
-1.5508,6.3907
0.4934,4.7265
-1.9435,6.7104
-1.2521,6.1475
-2.6919,7.3197
1.6444,3.7895
-2.8027,7.4099
-1.1775,6.0868
0.6066,4.6344
-1.7932,6.5881
2.9472,2.7289
-0.6525,5.6594
-2.0164,6.7698
-0.3712,5.4304
1.8569,3.6165
-1.294,6.1817
-0.2965,5.3696
2.8475,2.81
2.5181,3.0782
2.6326,2.985
-0.5045,5.5389
0.7512,4.5167
-1.1121,6.0336
-0.0124,5.1383
0.2137,4.9542
0.932,4.3695
-1.4734,6.3277
-0.6419,5.6508
-1.8935,6.6697
1.5465,3.8692
2.9346,2.7391
-0.207,5.2967
0.4794,4.7379
-0.3069,5.3781
2.888,2.7771
1.7748,3.6833
2.6159,2.9986
-0.2318,5.3169
0.2302,4.9408
-0.5607,5.5847
-1.4687,6.3239
2.0244,3.4801
0.9335,4.3682
0.5878,4.6497
-0.4891,5.5264
-1.2356,6.1341
1.2783,4.0875
2.0749,3.439
-0.49,5.5271
-2.2771,6.982
1.0216,4.2965
-0.4004,5.4542
-2.8432,7.4429
-2.9823,7.5561
-1.89,6.6669
-1.7391,6.544
2.7546,2.8857
-1.6278,6.4534
-1.0932,6.0182
-0.944,5.8967
2.2109,3.3283
-0.7476,5.7368
1.349,4.03
0.6622,4.5891
1.5854,3.8375
0.9209,4.3785
-2.8784,7.4715
0.9136,4.3844
-0.8368,5.8094
2.8548,2.8041
-0.2349,5.3194
-2.9798,7.5541
2.577,3.0303
-0.0011,5.1291
3.0873,2.6148
0.2783,4.9016
0.3232,4.8651
-0.7287,5.7214
1.7305,3.7194
-2.0352,6.7851
-0.3075,5.3785
0.5055,4.7167
2.5943,3.0162
1.9078,3.5751
-2.845,7.4443
-2.1206,6.8546
0.6411,4.6063
1.6201,3.8093
-0.9344,5.8889
0.9649,4.3427
2.0129,3.4895
0.7187,4.5431
-1.7753,6.5735
0.1882,4.975
-2.9715,7.5473
1.284,4.0829
0.6067,4.6343
-0.6367,5.6465
-2.3195,7.0165
-1.2427,6.1399
-3.069,7.6267
2.0979,3.4203
0.5604,4.672
3.0574,2.6392
0.1929,4.9712
-2.473,7.1415
-1.775,6.5732
-2.4952,7.1596
2.3725,3.1967
1.7745,3.6836
1.4503,3.9475
-2.1982,6.9178
-0.4703,5.5111
-1.2301,6.1296
-2.5769,7.2261
2.3675,3.2008
0.2108,4.9566
3.0211,2.6687
0.0969,5.0493
1.6997,3.7445
-2.7898,7.3994
2.1886,3.3465
2.2676,3.2821
-1.6388,6.4624
1.3528,4.0269
-1.6755,6.4922
3.0625,2.635
-1.7613,6.5621
1.8571,3.6163
-1.7008,6.5128
-0.3927,5.4479
-2.5885,7.2355
-0.997,5.9399
1.0805,4.2486
-1.2488,6.1449
0.8569,4.4306
2.5988,3.0125
-2.5505,7.2046
1.4357,3.9594
2.7248,2.9099
-1.9385,6.7063
-2.6294,7.2688
0.2984,4.8853
1.4341,3.9607
-0.7516,5.7401
0.9283,4.3725
-1.9878,6.7465
0.0058,5.1235
2.4136,3.1633
-2.9763,7.5512
-1.7342,6.54
-0.3893,5.4451
2.4323,3.1481
-0.0291,5.1519
3.0155,2.6733
-1.4693,6.3244
-2.0881,6.8281
1.2042,4.1479
0.0227,5.1097
-0.9307,5.8859
2.342,3.2216
0.0345,5.1001
3.1364,2.5749
-0.6693,5.6731
-1.1587,6.0715
-1.5239,6.3688
2.554,3.049
0.0044,5.1246
1.4624,3.9377
2.2359,3.308
1.7595,3.6958
-2.7096,7.3341
2.3975,3.1764
-1.1383,6.0549
-2.3276,7.0231
0.2912,4.8911
2.6514,2.9697
-0.6941,5.6933
-2.5952,7.241
-1.1071,6.0295
-2.2243,6.939
2.7618,2.8798
2.9063,2.7622
-0.7241,5.7177
-1.8579,6.6407
0.4608,4.7531
-2.4401,7.1147
0.8928,4.4014
-2.3492,7.0407
-1.1857,6.0935
-0.2222,5.3091
0.6712,4.5818
0.2938,4.889
-2.8554,7.4528
-0.9447,5.8973
2.9635,2.7156
-0.8974,5.8588
1.1661,4.1789
1.1221,4.2147
2.2871,3.2663
0.311,4.875
1.3326,4.0433
1.9287,3.558
2.2097,3.3293
2.3726,3.1967
0.6721,4.581
-2.431,7.1073
-2.9519,7.5314
2.7706,2.8727
-2.552,7.2058
2.6332,2.9845
2.7084,2.9233
2.59,3.0197
0.8026,4.4748
1.2231,4.1325
-2.3285,7.0238
-0.2899,5.3642
-0.0035,5.1311
-1.6017,6.4322
-3.091,7.6446
3.1183,2.5896
-0.4852,5.5232
-1.8143,6.6052
1.5127,3.8967
-0.5897,5.6083
2.364,3.2037
-0.1301,5.2341
0.8108,4.4681
-1.0672,5.997
-0.481,5.5198
0.114,5.0354
-0.5914,5.6097
-3.1321,7.6781
-0.9432,5.8961
0.5763,4.659
0.6939,4.5633
0.8221,4.4589
-2.958,7.5363
1.0524,4.2714
2.4974,3.0951
-2.1382,6.8689
1.521,3.89
-2.4552,7.127
-1.6193,6.4465
-2.6577,7.2918
0.1207,5.0299
1.7656,3.6908
1.3243,4.0501
2.5161,3.0798
0.9838,4.3273
2.9764,2.7051
-0.589,5.6077
0.4656,4.7492
1.7155,3.7316
-0.6195,5.6325
-2.5589,7.2114
0.7428,4.5235
-0.8039,5.7827
-2.4759,7.1438
2.8238,2.8293
-2.0991,6.8371
1.5685,3.8513
-2.5304,7.1882
-1.9548,6.7196
-1.8137,6.6047
1.4936,3.9123
0.9152,4.3831
-1.9522,6.7175
0.1084,5.04
1.4519,3.9462
-0.3386,5.4039
-0.1928,5.2852
-2.302,7.0023
-0.5454,5.5722
0.1789,4.9826
2.5581,3.0456
-0.4463,5.4915
2.3951,3.1783
-0.9193,5.8766
2.9172,2.7533
0.9436,4.36
-1.9197,6.691
-0.4546,5.4983
-1.1549,6.0684
2.8952,2.7712
1.6133,3.8148
0.9667,4.3412
0.7945,4.4814
-1.2152,6.1175
-2.4884,7.154
-3.1109,7.6608
0.2091,4.958
-2.7286,7.3496
-2.1655,6.8911
0.6545,4.5954
0.4315,4.7769
-1.0514,5.9842
0.9103,4.3871
-1.4215,6.2855
2.5129,3.0824
-2.713,7.3369
-1.0529,5.9854
-2.1021,6.8395
-1.9575,6.7218
-1.4385,6.2993
-0.1677,5.2647
-0.2406,5.3241
-0.693,5.6924
-1.7644,6.5646
-3.0863,7.6408
-1.2384,6.1364
1.3388,4.0383
0.8323,4.4506
-0.7496,5.7385
0.8598,4.4282
0.3222,4.8659
2.9684,2.7116
1.6818,3.759
1.3145,4.0581
0.3509,4.8425
-1.7388,6.5438
0.9758,4.3338
0.9064,4.3903
2.7037,2.9271
-2.7419,7.3604
-0.0536,5.1718
2.514,3.0816
1.9815,3.5151
2.3128,3.2453
-0.4965,5.5324
0.8008,4.4763
-1.9755,6.7365
-1.8353,6.6223
1.5177,3.8926
-3.1412,7.6855
0.1066,5.0414
-2.9593,7.5374
-2.6374,7.2753
3.0146,2.674
-0.1786,5.2736
-3.1205,7.6686
0.9524,4.3529
0.7665,4.5042
-2.7779,7.3897
-0.0683,5.1838
-0.1271,5.2317
-2.499,7.1626
-0.8703,5.8367
2.4556,3.1291
1.9633,3.5299
2.6587,2.9638
1.5278,3.8844
3.1269,2.5826
3.0485,2.6464
3.0731,2.6264
1.3523,4.0273
1.5253,3.8865
-1.6119,6.4405
-1.2639,6.1571
1.255,4.1065
-2.7713,7.3843
0.8798,4.412
-2.0742,6.8168
-1.992,6.7499
1.6321,3.7995
-0.4944,5.5307
2.2013,3.3361
1.6866,3.7551
0.3757,4.8223
3.0024,2.6839
0.5772,4.6583
2.8693,2.7923
-0.1365,5.2393
1.8158,3.65
-1.6558,6.4762
1.7874,3.6731
-0.1823,5.2766
0.8737,4.4169
1.5314,3.8815
-0.1154,5.2222
-0.6472,5.6551
0.0281,5.1053
-0.1519,5.2519
-0.9458,5.8982
2.0913,3.4257
-2.0297,6.7806
-0.5279,5.558
-2.1393,6.8698
0.9345,4.3674
-0.6998,5.6979
1.983,3.5138
1.3491,4.0299
1.8318,3.6369
-2.7838,7.3945
-2.1611,6.8876
-2.0869,6.8272
-1.0301,5.9668
-2.8615,7.4578
1.1286,4.2094
-1.3555,6.2317
-1.4311,6.2933
1.4767,3.926
-0.8314,5.805
-1.4972,6.3471
2.6944,2.9347
2.0394,3.4679
1.032,4.2881
-3.0455,7.6076
-1.2644,6.1576
2.5845,3.0242
0.3058,4.8793
1.4142,3.9769
-2.3041,7.004
0.7536,4.5147
2.1453,3.3817
-1.0747,6.0031
-2.0074,6.7624
0.5156,4.7085
-1.4004,6.2683
-3.1027,7.6541
2.6246,2.9915
-0.861,5.8291
1.2725,4.0923
0.801,4.4761
1.0279,4.2914
2.2508,3.2958
-2.7173,7.3404
0.274,4.9051
-1.1966,6.1024
1.3393,4.0379
-1.2703,6.1624
1.9085,3.5745
2.2762,3.2751
-2.9916,7.5637
-2.267,6.9738
1.5019,3.9055
-2.0851,6.8257
-1.4987,6.3483
0.9163,4.3822
0.6651,4.5867
-3.1193,7.6676
-0.3445,5.4087
-0.4888,5.5261
-2.0022,6.7582
-2.4456,7.1192
0.0161,5.1151
0.5501,4.6804
-2.4132,7.0928
-1.594,6.4259
2.6073,3.0056
-2.0726,6.8155
-0.7985,5.7783
2.999,2.6867
-1.533,6.3762
1.0983,4.2341
-2.7499,7.3669
-1.0544,5.9866
0.332,4.8579
-1.2318,6.131
-0.5944,5.6121
-2.6013,7.2459
0.1758,4.9851
3.0259,2.6648
1.614,3.8142
1.1443,4.1966
-0.6828,5.6841
-2.1636,6.8896
0.7527,4.5154
-1.3939,6.263
0.6981,4.5599
-1.6336,6.4581
0.0539,5.0843
1.8768,3.6003
-1.6209,6.4478
-0.7903,5.7716
-2.5556,7.2087
-0.1217,5.2273
2.5356,3.064
2.6214,2.9941
2.0207,3.4831
0.5188,4.7058
-0.9923,5.936
0.9472,4.3571
2.4231,3.1556
2.3948,3.1786
2.9448,2.7308
-2.8515,7.4496
2.4012,3.1734
-2.0893,6.8291
-2.6102,7.2532
-2.0441,6.7923
1.8193,3.6471
1.8725,3.6038
2.7119,2.9204
-2.1608,6.8873
2.2377,3.3065
-0.8112,5.7886
-0.1894,5.2824
-1.3899,6.2597
-2.4363,7.1116
0.6264,4.6183
1.2138,4.14
-0.7111,5.7071
-0.4813,5.52
2.4605,3.1251
0.3205,4.8673
1.0877,4.2427
-2.487,7.1529
-3.0378,7.6013
-1.197,6.1027
-0.6475,5.6553
-0.9436,5.8964
-2.8395,7.4398
3.0633,2.6344
1.6312,3.8002
-1.674,6.491
-0.0248,5.1484
0.1836,4.9787
2.7631,2.8788
-1.2704,6.1624
3.0896,2.613
0.9277,4.373
0.4134,4.7917
0.8891,4.4044
-2.4732,7.1416
2.4031,3.1718
1.6457,3.7884
-2.8755,7.4692
0.0653,5.075
-0.3862,5.4426
-1.9991,6.7557
-2.1786,6.9018
-0.2351,5.3196
0.6056,4.6352
-0.2623,5.3417
-2.4383,7.1132
-3.0169,7.5843
-2.1816,6.9043
2.2046,3.3334
0.5971,4.6421
3.0601,2.637
-3.1134,7.6628
1.8059,3.658
1.9125,3.5712
-2.2595,6.9677
-2.009,6.7637
-2.9275,7.5115
-2.3163,7.0139
-1.3589,6.2345
2.7922,2.8551
-0.658,5.6639
-1.4592,6.3161
2.7338,2.9026
2.2996,3.2561
0.1067,5.0413
-2.909,7.4964
1.0154,4.3016
-0.3084,5.3793
-0.8302,5.8041
2.6691,2.9553
2.3482,3.2165
-1.0743,6.0028
-0.8914,5.8539
-0.356,5.418
3.1243,2.5847
-1.6539,6.4746
-2.2456,6.9564
-2.913,7.4997
1.4681,3.933
-1.6433,6.466
1.9922,3.5064
2.5464,3.0552
1.3878,3.9984
-0.0638,5.1801
1.1603,4.1836
0.5559,4.6756
2.1877,3.3472
-1.3228,6.2051
1.9018,3.5799
2.5776,3.0298
-1.6163,6.444
-0.4094,5.4615
0.7331,4.5314
2.527,3.071
-2.2719,6.9778
-0.3159,5.3854
0.3103,4.8756
1.124,4.2132
-0.8091,5.7869
-0.6139,5.628
1.2126,4.141
-3.1381,7.6829
0.2633,4.9139
-3.1184,7.6669
0.6791,4.5753
-1.8761,6.6555
-1.3342,6.2144
0.016,5.1152
0.4808,4.7368
-0.7606,5.7474
2.4855,3.1048
2.0032,3.4974
2.3411,3.2223
-1.9937,6.7513
0.3834,4.8161
-2.3924,7.0759
0.2501,4.9246
1.6318,3.7998
2.6895,2.9387
0.0628,5.0771
-2.2365,6.9489
1.2789,4.087
2.1891,3.3461
2.3986,3.1755
-0.2052,5.2953
-1.03,5.9667
-0.3037,5.3754
-1.1197,6.0398
-2.5793,7.228
-2.0516,6.7984
0.037,5.0981
-2.3049,7.0046
2.0924,3.4248
-3.1318,7.6778
-2.6814,7.3111
0.5661,4.6673
2.6181,2.9968
1.7682,3.6887
-2.3292,7.0244
-2.5397,7.1958
-0.3977,5.452
-2.0759,6.8182
-1.2526,6.148
0.7167,4.5447
-1.9757,6.7366
0.7875,4.4871
-1.6395,6.4629
-0.0712,5.1862
-2.1863,6.9081
-3.0306,7.5954
-2.3166,7.0142
-0.846,5.8169
-0.3374,5.4029
-1.0585,5.9899
-2.2422,6.9536
2.9456,2.7302
2.4456,3.1372
0.9238,4.3761
-2.0406,6.7895
-2.8155,7.4203
-0.7156,5.7108
2.0095,3.4923
1.4801,3.9233
-1.0189,5.9577
2.683,2.944
-1.9436,6.7105
1.1561,4.187
0.7675,4.5034
0.6412,4.6062
-1.1957,6.1016
1.4077,3.9822
-2.4677,7.1372
0.978,4.332
0.8056,4.4724
2.3406,3.2227
-2.2819,6.9859
2.7268,2.9083
-0.3502,5.4133
1.6955,3.7479
-0.3348,5.4008
-0.5488,5.575
0.9499,4.3549
2.8555,2.8035
2.064,3.4479
-2.9061,7.4941
-1.5653,6.4025
-0.2318,5.3169
-0.9704,5.9182
-2.5175,7.1777
-0.0365,5.1579
1.8024,3.6609
1.7902,3.6708
-0.0626,5.1792
2.1996,3.3375
-1.0948,6.0195
1.2974,4.072
0.717,4.5445
-2.261,6.9689
0.4075,4.7965
2.2098,3.3292
0.1594,4.9984
-1.1651,6.0767
2.0183,3.4851
0.2728,4.9061
-0.4378,5.4846
-1.7963,6.5906
2.0357,3.4709
-2.3167,7.0142
1.9716,3.5231
1.2558,4.1059
2.6704,2.9542
-1.6842,6.4993
0.9985,4.3153
0.8657,4.4234
0.0807,5.0625
0.0007,5.1276
0.0109,5.1193
-0.1382,5.2407
-2.4309,7.1072
2.5529,3.0499
-2.9076,7.4953
0.5755,4.6597
-2.3606,7.05
-0.1176,5.2239
1.918,3.5668
-2.8928,7.4832
-1.2437,6.1407
-1.3381,6.2176
-2.0547,6.8009
-2.7692,7.3826
2.3143,3.2441
0.5433,4.6859
-1.8562,6.6393
-2.9537,7.5328
-2.8954,7.4854
-1.0381,5.9733
-2.6853,7.3143
2.1198,3.4025
2.37,3.1988
-1.4095,6.2757
-0.3848,5.4415
-1.8366,6.6234
-2.6846,7.3137
1.7765,3.682
1.859,3.6148
-2.5166,7.177
-1.0458,5.9796
-2.8307,7.4327
2.5004,3.0926
-0.877,5.8422
-0.7511,5.7397
-1.3311,6.2119
2.7034,2.9274
-1.6169,6.4445
-2.3354,7.0295
-2.3734,7.0604
3.0746,2.6252
2.2543,3.293
-0.3504,5.4135
1.9922,3.5064
2.6865,2.9411
1.2124,4.1412
-1.2667,6.1594
-2.8092,7.4152
0.0746,5.0675
1.3661,4.0161
-3.0785,7.6344
0.4991,4.7219
-0.65,5.6574
2.9953,2.6897
3.0714,2.6278
-2.2946,6.9962
-0.4946,5.5309
2.1892,3.346
1.6004,3.8253
2.2352,3.3085
1.9577,3.5344
1.0422,4.2797
-0.5398,5.5677
-0.381,5.4384
0.6698,4.5829
0.9401,4.3629
2.6477,2.9727
2.1852,3.3492
0.0029,5.1258
-2.4518,7.1242
2.7222,2.9121
-1.5358,6.3785
1.9883,3.5095
2.7591,2.882
0.7007,4.5578
0.261,4.9157
0.7422,4.524
2.9937,2.691
-0.8107,5.7882
-0.5163,5.5485
3.0138,2.6747
2.3019,3.2542
0.3383,4.8528
-0.4978,5.5335
2.5126,3.0827
-2.3428,7.0355
1.2839,4.083
0.993,4.3198
-0.9216,5.8785
-1.8962,6.6719
-1.8328,6.6203
0.6329,4.613
-0.5584,5.5828
1.1097,4.2248
0.6869,4.569
1.9372,3.5511
-0.0073,5.1341
0.5289,4.6976
3.0202,2.6695
-1.037,5.9724
-2.0843,6.825
-1.8086,6.6006
-2.4674,7.1369
-2.8778,7.471
-2.0099,6.7645
-1.6042,6.4342
-2.8208,7.4246
0.86,4.4281
1.5377,3.8764
1.961,3.5318
-2.7044,7.3299
-3.1156,7.6646
1.6647,3.773
-2.8414,7.4414
1.1654,4.1794
2.6156,2.9988
-0.5047,5.5391
1.3881,3.9981
2.3441,3.2199
-0.152,5.2519
3.083,2.6183
-0.8514,5.8213
0.2248,4.9452
-0.7654,5.7513
2.1504,3.3776
-1.5917,6.424
-2.4569,7.1284
0.7592,4.5101
-2.0958,6.8344
0.4749,4.7416
-2.4173,7.0961
-0.249,5.3309
2.2243,3.3174
2.743,2.8951
1.422,3.9706
-1.1661,6.0775
-0.9649,5.9137
-1.2276,6.1276
0.9777,4.3323
0.2519,4.9231
-0.3855,5.442
1.9879,3.5099
3.0512,2.6442
-2.9286,7.5124
1.4303,3.9638
0.8119,4.4672
-0.399,5.453
-0.8767,5.8419
-0.1303,5.2343
-1.9616,6.7251
0.3259,4.8629
-0.3985,5.4526
2.5204,3.0763
2.2895,3.2643
1.539,3.8753
-0.835,5.808
-1.0522,5.9848
2.9947,2.6902
-0.9404,5.8938
1.8397,3.6305
2.255,3.2924
-1.9066,6.6804
-0.042,5.1624
-2.628,7.2677
2.6227,2.9931
1.1148,4.2206
-1.6454,6.4677
-1.8692,6.6499
-0.2706,5.3485
2.2211,3.32
-2.256,6.9648
-0.5493,5.5754
1.9886,3.5093
1.4028,3.9862
2.2092,3.3297
-1.329,6.2101
-3.1338,7.6794
1.0436,4.2786
1.1153,4.2202
0.5955,4.6434
2.2601,3.2883
0.4535,4.759
-0.7098,5.7061
-2.4299,7.1064
-0.1598,5.2583
1.0853,4.2447
1.9063,3.5763
2.7061,2.9252
-2.9334,7.5163
-2.5018,7.1649
-1.5964,6.4278
-0.7938,5.7744
1.1372,4.2024
-0.4332,5.4809
-2.9434,7.5244
-2.245,6.9559
0.108,5.0403
-0.0113,5.1374
-0.8639,5.8315
-2.3559,7.0461
0.4289,4.779
1.1467,4.1947
0.9486,4.3559
0.1677,4.9917
-1.9275,6.6974
1.9677,3.5263
0.6211,4.6226
-3.1037,7.6549
1.6942,3.749
-2.9491,7.5291
1.4506,3.9473
1.364,4.0178
1.0145,4.3023
-2.0522,6.7989
1.5762,3.845
2.2964,3.2587
-1.3221,6.2045
2.2718,3.2787
1.6553,3.7806
-2.8882,7.4795
-2.1474,6.8764
2.9922,2.6922
-2.7592,7.3745
0.8076,4.4707
-1.3424,6.2211
-2.1672,6.8925
0.7044,4.5548
-2.6427,7.2796
2.4386,3.1429
1.6778,3.7623
-1.775,6.5732
1.7432,3.7091
2.8839,2.7804
0.0578,5.0811
-1.9679,6.7303
1.2926,4.0759
-3.1296,7.676
0.196,4.9686
1.4489,3.9487
0.9266,4.3739
0.9734,4.3358
2.3476,3.217
1.4667,3.9342
3.116,2.5915
0.2392,4.9335
2.3416,3.2219
2.5017,3.0916
1.404,3.9852
-2.4251,7.1025
0.8599,4.4282
-1.3144,6.1983
0.6446,4.6034
1.5182,3.8922
2.0611,3.4503
-0.5706,5.5927
0.4836,4.7345
2.1371,3.3884
0.4212,4.7853
