HA,W_L
2.6519,7.2871
-2.1535,3.375
2.1526,6.8806
-0.5287,4.6978
-1.295,4.0739
0.4489,5.4937
-0.385,4.8148
0.9104,5.8694
2.7437,7.3619
2.1635,6.8895
1.2399,6.1376
1.4171,6.2819
-0.7011,4.5574
-0.4354,4.7737
0.8992,5.8602
1.5272,6.3715
-0.6449,4.6032
-2.5323,3.0667
-2.5599,3.0442
-1.8766,3.6005
-0.7494,4.5181
3.0554,7.6156
-1.4541,3.9444
0.3196,5.3884
-2.1519,3.3763
2.8515,7.4496
-0.2468,4.9273
-1.5977,3.8275
-0.7332,4.5313
-2.2376,3.3066
-1.1009,4.232
-0.7038,4.5552
-2.0171,3.4861
1.0615,5.9924
-2.2212,3.3199
1.0411,5.9758
-0.4795,4.7378
0.0006,5.1287
-2.7045,2.9265
-1.4312,3.9631
-2.2402,3.3045
-1.8317,3.637
-0.2023,4.9635
-0.1073,5.0409
-0.4444,4.7664
2.3405,7.0336
-1.528,3.8843
-1.3921,3.9949
2.6415,7.2787
-2.2009,3.3364
2.6914,7.3193
0.649,5.6566
0.9114,5.8702
2.3503,7.0416
2.5206,7.1802
2.3208,7.0176
-0.0019,5.1267
0.2094,5.2987
-0.7431,4.5232
2.1912,6.9121
-0.6398,4.6073
1.3296,6.2106
2.2427,6.954
-1.2673,4.0965
0.6173,5.6308
-2.248,3.2981
0.4168,5.4675
1.0664,5.9964
1.5346,6.3775
-2.9431,2.7322
1.1722,6.0825
3.0234,7.5896
0.503,5.5377
-2.8909,2.7747
-0.0918,5.0535
-1.9194,3.5656
1.3094,6.1942
2.8858,7.4775
1.9741,6.7353
2.5907,7.2373
0.8295,5.8035
-0.6256,4.6189
-1.8627,3.6118
-0.0148,5.1162
-1.7692,3.6879
0.9541,5.9049
-2.4732,3.1148
-2.0623,3.4493
-2.178,3.3551
-3.0555,2.6407
3.0249,7.5908
-1.944,3.5456
-0.6545,4.5954
-1.761,3.6946
-1.1983,4.1527
2.1134,6.8487
2.6137,7.256
-2.4095,3.1666
-2.9022,2.7655
2.5001,7.1635
-3.0,2.6859
0.6095,5.6244
-1.0035,4.3113
1.3401,6.2192
-1.0715,4.2559
-1.0369,4.2841
1.5,6.3494
-1.9343,3.5535
-2.0122,3.4901
-2.1728,3.3593
-2.9669,2.7128
-2.8515,2.8068
-0.4932,4.7267
-1.2406,4.1182
1.8034,6.5964
-1.7207,3.7274
-0.6973,4.5605
-2.8788,2.7846
3.0832,7.6382
-2.7578,2.8831
-2.3296,3.2317
0.3289,5.396
0.7552,5.743
-1.7763,3.6821
-0.1874,4.9756
-2.6417,2.9776
-1.2035,4.1484
1.95,6.7157
-1.5438,3.8714
-1.2435,4.1159
-2.128,3.3958
-2.4462,3.1367
2.3863,7.0709
-1.0311,4.2888
2.6039,7.248
0.7134,5.709
0.6093,5.6242
-1.3163,4.0566
-2.641,2.9782
0.3776,5.4356
1.3001,6.1866
-1.548,3.868
-2.2309,3.312
1.4666,6.3222
-1.0248,4.2939
-2.4496,3.134
0.6309,5.6418
-3.1326,2.5779
2.0685,6.8122
3.0888,7.6428
1.514,6.3608
-0.6744,4.5792
1.7644,6.5646
-1.6022,3.8238
0.0218,5.146
-2.1049,3.4146
-2.0396,3.4678
2.1259,6.8589
-2.3288,3.2323
0.9346,5.8891
1.3631,6.2379
1.6221,6.4488
1.5095,6.3571
0.5065,5.5405
1.8623,6.6443
2.3267,7.0224
-1.8176,3.6485
1.0202,5.9588
1.9828,6.7424
1.9522,6.7175
-2.8212,2.8315
-0.8013,4.4759
-1.1795,4.168
0.3538,5.4162
-0.8637,4.4251
-2.6706,2.9541
-1.5849,3.8379
-1.6822,3.7587
-1.3788,4.0057
-2.6714,2.9534
-2.3098,3.2478
-1.2639,4.0993
0.5406,5.5683
2.5493,7.2036
0.4597,5.5024
-0.2625,4.9145
2.4365,7.1118
-3.1337,2.5771
0.3831,5.4401
-2.4697,3.1176
-1.0465,4.2762
-1.3791,4.0055
1.4006,6.2684
-0.8898,4.4038
0.5415,5.569
-0.8328,4.4502
-0.7759,4.4965
2.1439,6.8736
2.4007,7.0826
-0.1481,5.0076
2.8784,7.4715
-2.3878,3.1843
1.2402,6.1379
1.3323,6.2128
-2.4974,3.0951
-1.8171,3.6489
1.1203,6.0402
-0.6198,4.6236
0.3104,5.3809
0.0395,5.1604
1.8302,6.6182
-1.8909,3.5888
-1.25,4.1106
-2.0924,3.4248
1.623,6.4495
-0.2987,4.885
2.0553,6.8014
-1.63,3.8012
-1.4202,3.972
-1.5184,3.8921
-2.1067,3.4131
-0.4317,4.7768
-2.4643,3.122
-1.8374,3.6324
-2.9345,2.7392
-0.1202,5.0303
2.7678,7.3815
-1.6307,3.8006
-0.6196,4.6238
0.5575,5.5821
-1.6363,3.7961
-2.5926,3.0176
-0.1487,5.0071
-1.7267,3.7225
2.0953,6.834
0.3835,5.4404
0.8432,5.8147
-2.0736,3.4401
-2.9321,2.7412
-0.2348,4.9371
-0.6999,4.5584
2.0583,6.8039
-1.8867,3.5922
-2.0501,3.4592
-1.2023,4.1494
1.2938,6.1815
1.5325,6.3758
1.5119,6.359
-2.1949,3.3413
-0.7819,4.4917
-0.6634,4.5881
1.5402,6.3821
-0.676,4.5779
-1.3471,4.0315
0.467,5.5084
-0.7593,4.5101
-1.5247,3.8869
-0.7342,4.5305
-2.993,2.6916
-2.9481,2.7281
0.6609,5.6662
2.0105,6.765
0.3261,5.3937
-2.6902,2.9381
0.888,5.8511
-2.2485,3.2977
0.7128,5.7085
0.1462,5.2472
1.0388,5.9739
1.7831,6.5798
1.0281,5.9652
0.1301,5.2341
2.4486,7.1216
1.0377,5.973
-0.2323,4.9391
1.4929,6.3436
0.1146,5.2215
1.6043,6.4343
1.4277,6.2905
1.9119,6.6847
-0.5197,4.7051
2.3017,7.002
-3.13,2.5801
-1.826,3.6417
1.9801,6.7402
-2.4417,3.1404
2.5449,7.2
-0.3283,4.8609
-1.3562,4.0241
1.7373,6.5425
1.1977,6.1033
-0.9124,4.3854
0.1801,5.2748
-1.2463,4.1136
-2.2842,3.2686
1.3603,6.2356
1.1014,6.0249
-1.986,3.5114
2.3905,7.0743
-0.6762,4.5777
2.2986,6.9995
-0.9336,4.3682
2.3701,7.0577
-2.5241,3.0733
1.3227,6.205
-2.6391,2.9797
0.3326,5.399
-1.71,3.7361
-2.7457,2.8929
-0.7258,4.5373
3.0339,7.5981
-2.287,3.2664
-2.6891,2.939
2.9789,7.5533
-0.3899,4.8108
-0.7302,4.5337
-0.9472,4.3571
-3.0728,2.6266
2.784,7.3947
-2.9965,2.6887
1.1913,6.098
-3.0985,2.6057
0.7651,5.7511
0.7519,5.7403
0.2125,5.3012
-0.9586,4.3478
2.4604,7.1312
-0.2698,4.9086
-1.4962,3.9101
0.2824,5.3581
2.6722,7.3036
-0.2168,4.9517
1.0372,5.9726
-0.2733,4.9057
0.0005,5.1286
2.2147,6.9312
0.0023,5.1301
1.8117,6.6031
-1.6119,3.816
2.9342,7.5169
-1.7248,3.724
2.2216,6.9368
-2.5916,3.0184
-1.5068,3.9015
-1.3839,4.0016
-1.1853,4.1632
0.1471,5.248
-1.1588,4.1848
2.2379,6.9501
-0.2314,4.9398
-2.9438,2.7316
1.9431,6.7101
-0.1458,5.0095
-2.5263,3.0715
-2.4167,3.1608
-1.7138,3.733
2.0344,6.7844
0.3395,5.4046
-0.6157,4.627
2.0921,6.8314
-1.6812,3.7595
0.068,5.1836
-1.317,4.056
2.965,7.542
2.5037,7.1665
-1.6419,3.7915
1.0126,5.9526
-1.6904,3.752
-0.909,4.3882
2.7219,7.3441
-2.2002,3.337
0.7953,5.7757
-0.8499,4.4363
-1.9335,3.5541
2.9037,7.4921
-1.443,3.9535
0.3638,5.4244
-1.1527,4.1898
-1.1299,4.2084
0.8389,5.8112
3.0953,7.6481
-0.8363,4.4474
-1.6995,3.7446
-0.3408,4.8508
-0.5816,4.6547
-0.0585,5.0806
-2.4533,3.131
0.2821,5.3579
-1.4888,3.9162
0.9011,5.8618
-2.74,2.8976
1.2967,6.1839
1.3636,6.2383
-2.6764,2.9493
2.1238,6.8572
1.3983,6.2666
-2.0403,3.4672
2.6964,7.3234
0.5817,5.6018
2.3951,7.0781
2.4396,7.1143
3.1207,7.6688
2.8275,7.4301
2.2954,6.9969
1.136,6.053
-0.6411,4.6063
-0.7524,4.5157
2.2854,6.9888
0.0278,5.1508
1.5894,6.4221
-1.4242,3.9688
0.2179,5.3056
1.521,6.3665
0.4734,5.5136
-2.2663,3.2832
-1.0489,4.2743
-0.8597,4.4283
2.3447,7.037
-2.3717,3.1974
2.4064,7.0873
2.5474,7.202
3.0143,7.5822
0.2239,5.3105
-0.8886,4.4048
2.5426,7.1981
1.1112,6.0328
-0.1881,4.9751
-0.8945,4.4
2.4159,7.095
-3.0316,2.6602
0.2739,5.3512
0.1667,5.2639
0.0902,5.2016
0.9348,5.8892
2.9369,7.5191
-1.6427,3.7909
1.4847,6.3369
1.4451,6.3047
-2.9579,2.7202
-2.672,2.9529
-0.8837,4.4088
0.036,5.1575
1.0382,5.9734
1.3717,6.2449
2.9855,7.5587
1.6221,6.4488
-0.078,5.0647
1.5343,6.3773
0.5898,5.6084
3.0553,7.6155
2.6786,7.3089
-1.6241,3.806
-0.1624,4.996
1.6105,6.4393
2.6025,7.2469
0.9002,5.8611
0.3586,5.4201
-1.8287,3.6395
-3.1097,2.5966
0.4995,5.5348
0.3839,5.4407
1.2806,6.1707
3.1323,7.6782
-1.0097,4.3062
-0.7659,4.5047
0.8137,5.7906
0.739,5.7298
-2.4034,3.1716
-0.6271,4.6177
-2.4825,3.1072
-0.1555,5.0016
2.885,7.4769
-0.593,4.6454
0.9717,5.9193
-2.5832,3.0252
-2.6147,2.9996
-0.6641,4.5876
-1.8203,3.6463
-0.059,5.0802
-2.5659,3.0393
-1.3652,4.0168
2.2014,6.9204
-2.5667,3.0386
-0.1119,5.0371
-2.3452,3.219
-2.9795,2.7026
2.0229,6.7751
-1.4726,3.9294
-0.9068,4.39
-2.0935,3.4239
0.5694,5.5918
3.0348,7.5988
1.0706,5.9998
-2.1637,3.3667
-2.2734,3.2774
-0.27,4.9084
-0.3924,4.8088
1.0626,5.9933
3.092,7.6454
2.2335,6.9465
0.6239,5.6361
-2.1988,3.3382
1.4583,6.3154
-1.4881,3.9167
1.4272,6.2901
0.8979,5.8592
-1.847,3.6246
2.1435,6.8732
2.9299,7.5134
-2.8456,2.8116
-3.1399,2.572
-1.9845,3.5126
0.1899,5.2828
-2.674,2.9513
1.8629,6.6448
-0.0148,5.1162
0.4193,5.4696
2.1642,6.8901
-0.9068,4.39
2.3431,7.0357
-2.9397,2.735
-0.5423,4.6867
-2.7965,2.8516
-1.145,4.1961
-1.8013,3.6618
0.3875,5.4437
-1.4352,3.9598
-2.9904,2.6937
-2.0289,3.4765
-1.9168,3.5677
2.9648,7.5419
1.1936,6.0999
-2.6405,2.9786
-2.7504,2.8891
3.1339,7.6795
-2.764,2.878
-3.0365,2.6562
-0.4995,4.7216
-1.126,4.2115
2.0288,6.7799
-0.5422,4.6868
2.1519,6.8801
-1.6995,3.7446
0.7222,5.7162
1.9045,6.6787
0.9444,5.897
2.8466,7.4456
-1.1014,4.2316
-0.1677,4.9917
-0.5014,4.72
-3.0538,2.6421
0.4747,5.5147
-0.1588,4.9989
2.7093,7.3339
1.9424,6.7095
-2.8265,2.8271
0.0329,5.155
-1.9922,3.5064
-1.1185,4.2176
2.2779,6.9826
0.6521,5.6591
2.4059,7.0869
2.0577,6.8034
-2.1215,3.4011
1.6677,6.4859
-2.0224,3.4818
0.6303,5.6413
0.631,5.6419
1.4453,6.3048
2.8267,7.4294
2.8618,7.458
-0.6875,4.5685
1.8257,6.6145
-2.0428,3.4652
-0.7418,4.5243
1.08,6.0074
-2.2932,3.2613
1.4775,6.331
-1.0235,4.295
2.8086,7.4147
-1.0069,4.3085
1.2088,6.1123
-2.7255,2.9094
1.7788,6.5763
0.1954,5.2873
2.1899,6.911
-2.7019,2.9286
-1.1412,4.1992
1.9815,6.7413
1.0707,5.9999
1.1986,6.104
-1.0453,4.2772
1.6236,6.45
-1.3759,4.0081
-1.6095,3.8179
-2.7578,2.8831
0.2405,5.324
0.3785,5.4363
1.8863,6.6638
0.8946,5.8565
3.0746,7.6312
0.6767,5.6791
-2.1539,3.3747
-2.655,2.9668
-0.656,4.5942
-0.5343,4.6932
0.5913,5.6096
-0.9821,4.3287
0.4098,5.4618
-0.2526,4.9226
2.7458,7.3636
-1.5837,3.8389
-0.9762,4.3335
-1.3431,4.0348
-2.5791,3.0286
-3.1226,2.5861
-0.771,4.5005
0.9585,5.9085
1.346,6.224
-0.4765,4.7403
1.94,6.7076
-1.4604,3.9393
-1.7928,3.6687
-1.2945,4.0743
1.9121,6.6849
-1.8234,3.6438
0.9116,5.8703
2.7358,7.3554
-1.1149,4.2206
1.7309,6.5373
-1.8342,3.635
-2.8319,2.8227
1.1438,6.0594
1.6915,6.5053
-1.6687,3.7697
3.0051,7.5747
-1.1807,4.167
1.2462,6.1427
2.6687,7.3008
2.6948,7.322
2.2943,6.996
2.8476,7.4464
2.7703,7.3835
-0.9129,4.385
1.0048,5.9462
1.8313,6.6191
-2.2517,3.2951
1.6869,6.5015
-1.8823,3.5958
1.108,6.0302
2.3531,7.0439
-2.4005,3.174
-0.1053,5.0425
1.2835,6.1731
-1.7273,3.722
-0.6326,4.6132
-1.8099,3.6548
0.7603,5.7472
-1.8545,3.6185
2.1878,6.9093
0.5737,5.5953
-2.0805,3.4345
0.653,5.6598
-0.9257,4.3746
1.1404,6.0566
-1.104,4.2294
0.6168,5.6303
2.1826,6.9051
-0.8151,4.4646
-0.5123,4.7111
-2.9817,2.7008
1.731,6.5374
-2.9023,2.7654
-1.376,4.008
-0.8771,4.4142
2.3192,7.0163
1.9862,6.7452
0.099,5.2088
2.7419,7.3604
2.1325,6.8643
-0.0079,5.1218
-1.6447,3.7893
-0.1631,4.9954
-0.0295,5.1042
-2.458,3.1271
0.0287,5.1516
-2.8672,2.794
-1.5914,3.8326
1.1202,6.0402
2.8786,7.4717
-1.6393,3.7936
2.5328,7.1902
2.4981,7.1619
-0.9199,4.3793
-2.5988,3.0125
-0.6934,4.5637
0.4175,5.4681
2.5322,7.1897
1.7674,6.567
0.6868,5.6873
0.3608,5.4219
1.5621,6.3999
0.9875,5.9321
-2.6891,2.939
1.1847,6.0927
-2.2708,3.2795
1.305,6.1906
-0.9789,4.3313
-1.4424,3.9539
-0.9331,4.3686
1.4058,6.2727
-0.1662,4.9929
-2.1946,3.3416
-2.259,3.2891
-1.0657,4.2606
-1.6421,3.7914
-0.2671,4.9108
-2.7193,2.9144
-1.4003,3.9882
1.3035,6.1894
1.9003,6.6752
-2.441,3.141
-1.9107,3.5727
-2.5952,3.0154
-1.9687,3.5255
-2.124,3.3991
0.1042,5.213
0.1341,5.2374
1.5841,6.4178
-1.8858,3.593
-0.3053,4.8797
-1.7905,3.6706
2.1421,6.8721
2.2374,6.9497
1.8632,6.645
-2.4145,3.1626
0.4559,5.4994
2.8436,7.4432
-2.7453,2.8932
2.7776,7.3895
2.708,7.3328
-1.389,3.9974
-0.3143,4.8723
2.3603,7.0497
-2.8089,2.8415
-2.5365,3.0632
2.4327,7.1087
-1.595,3.8297
-1.708,3.7377
-1.7451,3.7075
-2.4047,3.1705
-0.1799,4.9817
-2.602,3.0099
-0.4901,4.7292
-1.9479,3.5424
-1.8718,3.6044
-0.2384,4.9341
-0.4645,4.7501
-1.9596,3.5329
-1.2251,4.1308
1.1837,6.0919
-0.9203,4.379
-1.1137,4.2215
-1.2109,4.1424
1.6432,6.4659
-0.0186,5.1131
2.4285,7.1053
-0.2149,4.9533
2.0496,6.7968
-1.7119,3.7345
-1.7074,3.7382
-0.1181,5.0321
-0.0278,5.1056
-1.8149,3.6507
-3.0534,2.6424
-1.5102,3.8987
-1.6308,3.8006
-1.4667,3.9342
-0.3003,4.8837
0.7848,5.7671
-1.8718,3.6044
-1.2101,4.1431
-0.5845,4.6524
2.9062,7.4942
-1.4806,3.9228
1.8136,6.6047
-0.7526,4.5155
-0.2102,4.9571
-0.7819,4.4917
-1.9891,3.5089
-0.1165,5.0334
2.9954,7.5668
2.1244,6.8577
-1.3305,4.045
2.0136,6.7675
2.4144,7.0938
-0.5222,4.7031
1.1262,6.045
-0.3835,4.816
0.1695,5.2662
-1.7039,3.7411
1.9318,6.7009
-1.9989,3.5009
0.3369,5.4025
2.7175,7.3405
-2.1545,3.3742
1.4701,6.325
-1.0741,4.2538
-2.2438,3.3015
0.6682,5.6722
1.8857,6.6634
-2.4505,3.1332
-2.9568,2.7211
0.7445,5.7343
-2.7776,2.867
2.4943,7.1588
0.3932,5.4483
2.4817,7.1486
-0.4334,4.7754
0.5491,5.5752
2.4167,7.0956
1.4192,6.2836
0.0062,5.1333
-1.1159,4.2197
-3.0622,2.6353
-0.502,4.7195
2.0433,6.7917
3.0107,7.5792
-2.2594,3.2888
0.3193,5.3881
2.6378,7.2756
-2.8349,2.8203
1.536,6.3787
-2.0805,3.4345
-0.8656,4.4235
-1.8755,3.6014
2.7744,7.3869
-2.8022,2.8469
-2.3612,3.2059
-1.776,3.6824
0.7319,5.724
-1.234,4.1236
1.4966,6.3466
-0.7538,4.5145
-0.5453,4.6843
0.138,5.2406
-0.4782,4.7389
-1.8043,3.6593
1.6671,6.4854
-2.1459,3.3812
-1.4998,3.9072
-0.7857,4.4886
1.3581,6.2338
-1.9927,3.5059
-1.7156,3.7315
-1.6979,3.7459
-0.0271,5.1061
2.0622,6.807
1.5088,6.3565
0.5545,5.5796
-1.0196,4.2981
-0.2181,4.9506
-3.1405,2.5715
1.6203,6.4473
-2.6935,2.9354
-0.846,4.4395
1.4712,6.3259
2.4241,7.1017
-0.0235,5.1091
0.176,5.2715
1.3139,6.1979
-2.9859,2.6974
1.288,6.1768
-0.6884,4.5678
-1.2594,4.1029
1.2412,6.1387
-1.8899,3.5896
1.515,6.3616
-0.0424,5.0937
-0.0006,5.1277
2.7787,7.3904
1.2855,6.1747
1.799,6.5928
2.0252,6.7769
-2.4577,3.1274
1.1735,6.0836
-2.5274,3.0706
1.0028,5.9446
1.9898,6.7481
1.4082,6.2746
-2.0635,3.4483
-3.0896,2.613
-2.3575,3.209
-1.4654,3.9352
-2.5403,3.0601
-1.4099,3.9804
0.7575,5.7449
-1.4057,3.9838
2.1666,6.892
-0.8566,4.4308
-2.9983,2.6873
1.8765,6.6559
-0.1947,4.9697
-2.9442,2.7313
1.3893,6.2592
2.7655,7.3796
-2.6912,2.9373
1.1175,6.038
1.6814,6.497
-0.6997,4.5586
0.5623,5.586
-0.0655,5.0749
0.55,5.576
1.2801,6.1703
-1.5073,3.9011
-2.92,2.751
-1.9955,3.5037
2.4254,7.1027
0.999,5.9415
2.0768,6.8189
3.0055,7.575
1.7307,6.5372
1.8035,6.5964
-1.0296,4.29
-1.4476,3.9497
1.4536,6.3116
-1.3916,3.9953
-0.006,5.1233
-2.0552,3.4551
0.3938,5.4488
-1.6828,3.7582
2.0961,6.8346
-1.2334,4.1241
1.9177,6.6894
-0.2459,4.928
-0.5765,4.6589
3.0222,7.5886
0.0954,5.2059
-2.9449,2.7308
2.4989,7.1626
-2.1015,3.4174
0.4114,5.4631
-1.045,4.2775
1.4868,6.3386
0.9232,5.8798
0.1497,5.2501
-1.6833,3.7578
-0.7394,4.5263
0.6361,5.6461
-1.6865,3.7552
-1.7381,3.7132
2.5333,7.1906
-2.9626,2.7163
-1.6485,3.7862
1.3483,6.2259
0.4229,5.4725
-2.9407,2.7342
-1.2594,4.1029
0.3305,5.3973
-3.0549,2.6412
2.4656,7.1355
0.0657,5.1817
0.1396,5.2419
0.5747,5.5961
-2.4451,3.1376
-1.0607,4.2647
2.9572,7.5357
-2.0105,3.4915
1.7072,6.518
-1.0624,4.2633
-1.5995,3.826
2.7367,7.3562
1.3047,6.1904
-0.1621,4.9962
-2.2339,3.3096
-2.5801,3.0277
2.7816,7.3927
-2.402,3.1727
-0.9668,4.3411
-3.1024,2.6025
-2.6968,2.9327
0.7036,5.701
-0.372,4.8254
-0.9854,4.326
-0.1359,5.0176
-1.0241,4.2945
-2.3585,3.2081
-2.9129,2.7568
-1.7063,3.7391
1.6883,6.5027
-1.7996,3.6631
-0.3049,4.88
-2.0358,3.4709
-1.5241,3.8874
-2.928,2.7445
-2.6097,3.0036
1.3383,6.2177
0.0095,5.1359
-2.4094,3.1667
1.0416,5.9762
-0.3369,4.8539
0.7936,5.7743
-0.6372,4.6095
-2.7393,2.8981
-0.3906,4.8102
2.0583,6.8039
0.3448,5.4089
1.9071,6.6808
0.4754,5.5152
0.6606,5.666
-2.2259,3.3161
-0.6771,4.577
1.7213,6.5295
1.6045,6.4344
0.2929,5.3667
3.0416,7.6044
0.8079,5.7859
1.2054,6.1095
1.5616,6.3995
-1.8846,3.5939
0.2782,5.3547
0.5495,5.5756
1.8284,6.6167
2.4592,7.1302
-1.7501,3.7034
-1.7821,3.6774
-3.1164,2.5911
1.2937,6.1814
-0.6365,4.61
-0.2601,4.9165
-0.5657,4.6677
1.162,6.0742
1.6354,6.4596
1.0437,5.9779
2.8746,7.4684
1.9856,6.7447
-2.3182,3.241
-1.7513,3.7025
-2.4349,3.1459
-0.2853,4.8959
2.8326,7.4342
2.2117,6.9288
-1.136,4.2034
-2.7213,2.9128
1.2899,6.1783
2.9996,7.5702
-1.631,3.8004
0.9486,5.9005
2.6703,7.3021
-0.9622,4.3449
0.1173,5.2237
-0.3527,4.8411
-0.3375,4.8534
3.067,7.6251
2.17,6.8948
-2.855,2.8039
0.6865,5.6871
2.5593,7.2117
-2.7136,2.9191
0.8458,5.8168
-1.8814,3.5966
2.5101,7.1717
0.6148,5.6287
-0.6655,4.5864
0.0223,5.1464
2.1143,6.8495
-2.7875,2.8589
2.8347,7.4359
-0.4234,4.7835
-1.7118,3.7346
0.1673,5.2644
-3.013,2.6753
-2.9535,2.7238
3.0428,7.6054
-2.2233,3.3182
-2.2587,3.2894
1.8979,6.6733
-1.1147,4.2207
2.5684,7.2191
0.783,5.7656
2.4085,7.089
-0.5918,4.6464
-0.7849,4.4892
2.5455,7.2005
0.2467,5.329
2.5931,7.2393
-1.9786,3.5174
2.8291,7.4314
-0.7922,4.4833
2.7229,7.3449
0.4799,5.5189
-1.882,3.5961
2.0299,6.7808
2.9805,7.5546
-2.451,3.1328
-0.7533,4.5149
-0.9131,4.3848
2.8148,7.4197
-1.9307,3.5564
0.319,5.3879
-0.4955,4.7248
0.3482,5.4117
2.1527,6.8807
1.9003,6.6752
1.5778,6.4127
0.9069,5.8665
1.151,6.0652
2.2201,6.9356
-0.0475,5.0895
2.1885,6.9099
1.0541,5.9864
-3.1071,2.5987
1.4746,6.3287
0.8086,5.7865
-1.5536,3.8634
2.6471,7.2832
2.7967,7.405
-2.7619,2.8797
2.6985,7.3251
-0.1102,5.0385
1.6429,6.4657
-0.4174,4.7884
2.6155,7.2575
-2.5072,3.0871
0.0554,5.1733
-1.5176,3.8927
-1.4994,3.9075
0.2873,5.3621
3.0837,7.6387
0.4754,5.5152
1.0557,5.9877
2.3683,7.0562
1.6914,6.5052
-2.1909,3.3446
-2.084,3.4316
-2.6309,2.9864
-2.5182,3.0781
3.0059,7.5753
2.661,7.2945
0.1201,5.226
-0.3185,4.8689
-1.3736,4.01
-1.358,4.0227
0.2903,5.3645
-1.0079,4.3077
-0.1242,5.0271
-0.1245,5.0268
1.2721,6.1638
-2.0784,3.4362
-0.6223,4.6216
-2.2208,3.3202
-2.2802,3.2719
-3.0812,2.6198
-0.8301,4.4524
0.6833,5.6845
1.3682,6.2421
-0.9151,4.3832
0.946,5.8983
-1.2619,4.1009
-1.2797,4.0864
-0.065,5.0753
-2.4723,3.1155
-0.8066,4.4716
-0.8264,4.4554
2.9281,7.512
0.5626,5.5862
-0.4802,4.7373
-0.8521,4.4345
1.5756,6.4109
-0.6361,4.6104
0.4055,5.4583
1.7852,6.5815
2.0224,6.7746
1.6473,6.4693
2.2551,6.9641
0.3085,5.3794
-2.52,3.0767
1.8538,6.6374
2.3546,7.0451
0.2409,5.3243
1.1735,6.0836
-1.5575,3.8602
0.3349,5.4008
0.7127,5.7084
2.1407,6.871
-2.4795,3.1096
2.0984,6.8365
0.0757,5.1898
1.3306,6.2114
2.6081,7.2515
-1.4287,3.9651
1.143,6.0587
-0.7063,4.5532
-1.1699,4.1758
-0.719,4.5429
-0.5814,4.6549
0.7542,5.7422
1.3466,6.2245
2.2917,6.9939
-1.6534,3.7822
2.0292,6.7802
0.9527,5.9038
2.429,7.1057
1.1302,6.0483
-1.8335,3.6355
2.3631,7.052
-2.201,3.3364
-0.6751,4.5786
2.3202,7.0171
-1.6073,3.8197
2.0479,6.7954
1.6081,6.4374
1.0374,5.9728
1.5328,6.3761
-1.7161,3.7311
-0.4433,4.7673
-0.1784,4.983
2.2059,6.924
3.0937,7.6468
-0.1041,5.0435
1.9111,6.684
-0.1014,5.0457
-2.6911,2.9374
-2.654,2.9676
-1.4779,3.925
2.256,6.9648
1.0208,5.9592
0.5396,5.5675
-0.9789,4.3313
-1.3695,4.0133
-0.3514,4.8421
3.0469,7.6087
2.0719,6.8149
0.961,5.9106
2.4928,7.1576
-0.5426,4.6865
3.0937,7.6468
-0.3803,4.8186
-2.1864,3.3483
-0.3879,4.8124
-0.9369,4.3655
-1.0918,4.2394
1.9979,6.7547
-1.2221,4.1333
2.055,6.8012
1.4646,6.3205
1.3123,6.1966
3.0149,7.5826
1.5823,6.4164
-2.9464,2.7295
0.3768,5.435
-2.9005,2.7669
-1.9565,3.5354
-1.149,4.1928
-2.0178,3.4855
3.031,7.5958
1.7317,6.538
1.1144,6.0354
2.9115,7.4985
2.1329,6.8646
-2.5226,3.0746
2.9093,7.4967
0.2915,5.3655
-0.5802,4.6559
2.3191,7.0162
-2.232,3.3111
-2.51,3.0848
0.7037,5.7011
2.3754,7.062
-0.597,4.6422
-2.8128,2.8383
2.7695,7.3829
-1.9335,3.5541
1.48,6.3331
-0.7116,4.5489
-0.7625,4.5075
-2.7055,2.9257
-0.2211,4.9482
-0.0699,5.0713
2.5819,7.2301
2.4859,7.152
1.791,6.5863
2.4841,7.1505
0.4788,5.518
-1.1092,4.2252
2.0636,6.8082
-1.7078,3.7379
-1.776,3.6824
-1.7877,3.6728
-2.6727,2.9524
1.0387,5.9738
-1.9324,3.555
3.0253,7.5911
-2.8557,2.8034
-1.5232,3.8882
1.0553,5.9873
1.7535,6.5557
0.3076,5.3786
-1.8237,3.6435
-0.4613,4.7527
-0.9187,4.3803
2.1642,6.8901
0.2623,5.3417
2.4566,7.1281
-0.4306,4.7777
-3.0543,2.6417
2.2633,6.9708
1.1102,6.032
1.2217,6.1228
-0.964,4.3434
0.0341,5.156
0.0993,5.209
-1.8153,3.6504
-1.435,3.96
1.586,6.4194
-1.3284,4.0468
-1.9232,3.5625
-0.6591,4.5916
-2.2055,3.3327
2.5809,7.2293
-2.4003,3.1741
-2.5878,3.0215
-1.859,3.6148
1.7148,6.5242
-0.9628,4.3444
1.6171,6.4447
2.8388,7.4393
-1.1366,4.2029
1.4496,6.3083
-2.69,2.9383
-2.2375,3.3067
2.4336,7.1094
0.036,5.1575
2.1078,6.8442
-1.5013,3.906
0.716,5.7111
2.9694,7.5456
-1.2163,4.138
2.2866,6.9897
-1.672,3.767
-0.1654,4.9936
-3.016,2.6729
-1.3522,4.0274
-1.2483,4.112
2.4179,7.0966
-2.8522,2.8062
-2.299,3.2566
-1.0949,4.2368
-0.0294,5.1043
0.9936,5.9371
2.0438,6.7921
-1.5546,3.8626
-2.2038,3.3341
2.4476,7.1208
-0.4843,4.7339
-2.8527,2.8058
-1.5684,3.8514
1.7118,6.5218
-0.2592,4.9172
0.6583,5.6641
-2.5067,3.0875
-2.0042,3.4966
0.0019,5.1298
2.7988,7.4067
-0.8632,4.4255
-2.768,2.8748
-0.005,5.1241
3.0758,7.6322
1.6657,6.4843
0.1731,5.2691
1.0992,6.0231
2.359,7.0487
-3.0686,2.63
-1.5686,3.8512
1.1066,6.0291
-1.2001,4.1512
0.0483,5.1675
1.3906,6.2603
-1.5155,3.8944
1.7034,6.5149
0.7759,5.7599
2.3286,7.0239
-0.3386,4.8526
-0.3314,4.8584
0.5469,5.5734
-2.8692,2.7924
1.1345,6.0518
1.9451,6.7117
2.7455,7.3633
-1.725,3.7239
-0.9223,4.3774
2.5415,7.1972
-0.4139,4.7912
-0.1358,5.0176
1.8949,6.6708
-1.5958,3.8291
-2.6958,2.9335
3.0635,7.6222
-2.0876,3.4287
0.8059,5.7843
-1.2571,4.1048
-2.3751,3.1946
-0.5944,4.6443
-0.6601,4.5908
-0.1646,4.9942
0.6188,5.632
2.034,6.7841
2.16,6.8867
3.0216,7.5881
-3.0276,2.6634
-2.3915,3.1813
-0.9156,4.3828
1.73,6.5366
0.4339,5.4814
-0.5158,4.7083
2.859,7.4557
0.3718,5.4309
2.4217,7.0997
0.2709,5.3487
-1.3986,3.9896
-1.4139,3.9771
0.6433,5.6519
0.7751,5.7592
0.7458,5.7354
3.019,7.586
-1.9061,3.5764
0.0139,5.1395
1.7478,6.5511
2.2567,6.9654
-3.0208,2.669
0.9048,5.8648
-2.0553,3.455
-2.8083,2.842
2.5521,7.2059
0.7127,5.7084
1.6923,6.5059
-2.4359,3.1451
-2.6428,2.9767
-1.4771,3.9257
2.7998,7.4075
2.497,7.161
1.173,6.0831
-2.2822,3.2703
1.9268,6.6968
2.1683,6.8934
-2.8518,2.8065
1.0627,5.9934
-2.8226,2.8303
2.4414,7.1158
0.5635,5.587
-1.1621,4.1821
1.1666,6.0779
1.2111,6.1142
-1.05,4.2734
-1.5221,3.8891
-0.5394,4.6891
0.6856,5.6864
-2.3665,3.2016
2.2445,6.9555
-0.0416,5.0943
1.5273,6.3716
2.4875,7.1533
1.4261,6.2892
-0.3652,4.8309
0.6521,5.6591
2.3317,7.0264
-3.0831,2.6182
-1.9582,3.534
1.4009,6.2687
-2.6982,2.9316
-1.8563,3.617
0.2096,5.2988
-2.3561,3.2101
-0.0914,5.0538
-2.3567,3.2096
1.2276,6.1276
-2.297,3.2582
-2.4259,3.1533
-0.2154,4.9528
1.732,6.5382
-1.6934,3.7496
0.4759,5.5156
-0.9215,4.378
-2.6924,2.9363
1.9537,6.7187
1.0003,5.9426
0.6525,5.6594
2.2391,6.9511
1.5208,6.3663
2.1082,6.8445
1.7948,6.5894
-1.3283,4.0468
1.7719,6.5707
2.6092,7.2524
-0.024,5.1087
0.5522,5.5778
2.0674,6.8113
2.6793,7.3094
-2.2296,3.3131
2.3669,7.0551
-2.5105,3.0844
0.6358,5.6458
-1.9654,3.5282
2.4472,7.1205
1.0424,5.9768
2.0,6.7564
2.9248,7.5093
-1.5968,3.8282
1.421,6.285
-2.9773,2.7044
-2.1705,3.3612
-0.2352,4.9367
2.8814,7.474
-1.5572,3.8605
-1.0389,4.2824
2.4766,7.1444
2.284,6.9876
-1.4226,3.9701
-1.5781,3.8435
-2.4932,3.0985
-1.3675,4.0149
1.952,6.7173
2.8262,7.429
0.4129,5.4643
-3.0926,2.6105
-1.5644,3.8546
0.5691,5.5915
0.5637,5.5871
-1.8314,3.6373
0.7733,5.7578
-1.6176,3.8113
-1.7367,3.7144
2.5145,7.1753
-2.4154,3.1618
2.9712,7.5471
0.2884,5.363
0.2927,5.3665
1.4344,6.296
1.2742,6.1655
2.5514,7.2053
0.8465,5.8173
-0.9678,4.3403
-1.3757,4.0082
-0.1764,4.9846
2.5545,7.2078
2.3249,7.0209
2.1967,6.9165
-0.7358,4.5292
-0.1024,5.0448
0.6993,5.6975
-3.1349,2.5761
2.2365,6.9489
2.4957,7.16
0.3265,5.394
1.2606,6.1545
1.5705,6.4068
3.0639,7.6225
-0.7756,4.4968
-2.7136,2.9191
-0.1422,5.0124
0.8962,5.8578
2.3195,7.0165
-2.5322,3.0667
1.8811,6.6596
-2.2793,3.2726
-0.4693,4.7461
0.8079,5.7859
1.401,6.2688
1.0833,6.0101
2.1087,6.8449
2.0413,6.79
2.7357,7.3553
-1.8309,3.6377
2.7926,7.4017
1.0095,5.95
1.4237,6.2872
3.0817,7.637
-2.0516,3.458
-0.6166,4.6262
2.6112,7.254
0.8857,5.8493
-0.8853,4.4075
0.0324,5.1546
-0.6651,4.5867
2.2955,6.997
2.9268,7.5109
3.0309,7.5957
-1.5542,3.8629
-1.1616,4.1825
-1.6455,3.7886
-2.2103,3.3288
-0.748,4.5193
2.0017,6.7578
-1.0543,4.2699
2.5278,7.1861
1.8709,6.6513
-0.1524,5.0041
-1.3299,4.0455
0.694,5.6932
-0.4392,4.7707
0.3781,5.436
2.6808,7.3107
-1.7063,3.7391
-1.3529,4.0268
1.2261,6.1264
-1.5913,3.8327
-0.2904,4.8918
1.1322,6.0499
2.3508,7.042
-0.0826,5.061
0.6056,5.6212
-2.581,3.027
2.1799,6.9029
0.2487,5.3307
2.7094,7.3339
1.2421,6.1394
1.1858,6.0936
0.2679,5.3463
2.6646,7.2975
1.8833,6.6614
1.3957,6.2644
2.5257,7.1844
2.1064,6.843
2.4939,7.1585
-1.7628,3.6931
1.7809,6.578
-0.3046,4.8802
2.4368,7.112
0.0124,5.1383
2.2632,6.9707
2.4813,7.1482
-1.8931,3.587
3.1191,7.6675
0.5198,5.5514
-0.9991,4.3148
-0.0986,5.0479
-1.6429,3.7907
1.8428,6.6284
-1.0626,4.2631
3.0764,7.6327
2.441,7.1154
2.8712,7.4657
2.0499,6.797
-0.8826,4.4097
2.6686,7.3007
2.6429,7.2798
1.2354,6.1339
-2.0727,3.4408
-0.5691,4.6649
-1.2335,4.124
-2.2109,3.3283
-0.241,4.932
1.6703,6.488
0.1598,5.2583
-1.6084,3.8188
2.6691,7.3011
-0.5817,4.6546
2.8962,7.486
-0.3501,4.8432
-1.0623,4.2634
-0.4551,4.7577
0.3744,5.433
2.3567,7.0468
-1.6262,3.8043
-0.423,4.7838
0.5879,5.6068
1.1867,6.0943
-0.7087,4.5513
2.2263,6.9406
-2.4257,3.1534
-0.3483,4.8447
2.3621,7.0512
0.1556,5.2549
2.5458,7.2007
-1.9182,3.5666
-1.1907,4.1589
1.3771,6.2493
-0.5501,4.6804
-2.1786,3.3546
1.17,6.0807
-2.3179,3.2412
-2.2409,3.3039
1.3352,6.2152
1.957,6.7214
-1.8687,3.6069
0.3821,5.4393
0.7577,5.7451
-1.2645,4.0988
-2.1567,3.3724
1.1317,6.0495
0.8194,5.7953
-2.4722,3.1156
1.6581,6.4781
-2.9912,2.6931
-0.0859,5.0583
-0.4151,4.7903
-1.1708,4.1751
-2.9994,2.6864
0.3332,5.3995
-2.1242,3.3989
2.8035,7.4105
0.5989,5.6158
1.4663,6.3219
-0.3815,4.8176
1.9639,6.727
1.2984,6.1852
-2.5943,3.0162
-2.7192,2.9145
1.6042,6.4342
-0.0265,5.1066
1.4979,6.3476
-1.3855,4.0003
-2.8655,2.7954
-0.7238,4.539
-2.8064,2.8435
1.7844,6.5809
-2.7824,2.863
1.8262,6.6149
0.8751,5.8406
2.4249,7.1023
2.6342,7.2727
1.5644,6.4018
0.0644,5.1806
0.9845,5.9297
1.8103,6.602
-1.0919,4.2393
3.1223,7.6701
1.889,6.666
1.7493,6.5523
-0.2474,4.9268
-0.886,4.4069
-1.7536,3.7006
-0.3627,4.8329
2.7543,7.3705
0.6989,5.6972
1.2427,6.1399
-1.578,3.8436
-2.5514,3.0511
-2.1288,3.3951
0.4717,5.5122
1.8025,6.5956
-1.714,3.7328
-1.0317,4.2883
1.9336,6.7024
0.6544,5.661
-0.4405,4.7696
0.3138,5.3837
-1.0894,4.2413
-1.7597,3.6956
-0.0136,5.1171
-1.1322,4.2065
-3.0953,2.6083
-1.4262,3.9671
-1.2879,4.0797
0.7515,5.74
1.0611,5.992
0.5046,5.539
-3.0221,2.6679
2.4914,7.1565
-1.6804,3.7602
-0.725,4.538
-0.238,4.9344
0.9798,5.9259
-1.5615,3.857
0.8694,5.836
-0.616,4.6267
-2.1046,3.4148
-2.5084,3.0861
2.335,7.0291
0.7987,5.7784
0.3967,5.4512
-2.173,3.3592
-2.5619,3.0426
1.0208,5.9592
-0.342,4.8498
-2.8389,2.817
1.0239,5.9618
-0.0954,5.0505
-1.4301,3.964
0.2047,5.2949
-1.8338,3.6353
0.7766,5.7604
2.357,7.047
1.205,6.1092
0.0505,5.1693
-2.8775,2.7856
1.1785,6.0876
-1.504,3.9038
-2.015,3.4878
0.806,5.7844
2.5807,7.2292
-1.7488,3.7045
1.9469,6.7132
-1.0612,4.2643
-0.854,4.433
2.4021,7.0838
1.2216,6.1227
-0.9547,4.351
1.3895,6.2594
0.6809,5.6825
1.4143,6.2796
-0.4969,4.7237
2.1563,6.8837
1.0919,6.0171
-0.4568,4.7563
-1.6142,3.8141
-1.9485,3.5419
0.8559,5.825
-3.0251,2.6655
0.3138,5.3837
0.5712,5.5932
-1.6512,3.784
1.0183,5.9572
0.2239,5.3105
2.8156,7.4204
2.691,7.319
-0.9086,4.3885
2.0287,6.7798
-1.9186,3.5663
-0.4648,4.7498
-1.628,3.8028
0.4323,5.4801
2.5052,7.1677
1.12,6.04
-3.0352,2.6572
2.5049,7.1675
0.3418,5.4065
-2.4304,3.1496
-1.6495,3.7853
-1.2269,4.1294
2.8419,7.4418
1.2235,6.1243
-0.5506,4.68
3.1159,7.6649
0.2406,5.3241
-0.7758,4.4966
-0.0505,5.0871
-2.4739,3.1142
-1.1469,4.1945
2.6757,7.3065
1.7863,6.5824
-2.8053,2.8444
0.915,5.8731
1.2747,6.1659
2.4401,7.1147
1.1091,6.0311
2.9563,7.5349
1.5176,6.3637
0.0768,5.1907
0.652,5.659
1.166,6.0774
1.3342,6.2144
1.562,6.3998
-0.5032,4.7185
-2.4627,3.1233
1.6455,6.4678
0.2986,5.3713
-2.6864,2.9412
1.8455,6.6306
0.1185,5.2247
0.0733,5.1879
1.2108,6.1139
2.71,7.3344
-1.4598,3.9398
-0.3124,4.8739
-0.7738,4.4983
-0.9341,4.3678
2.323,7.0194
0.066,5.1819
2.5749,7.2244
2.8966,7.4863
-3.0759,2.6241
0.2282,5.314
0.2132,5.3018
2.4079,7.0885
-2.5293,3.0691
-0.1393,5.0148
-0.3625,4.8331
2.5215,7.181
2.8423,7.4421
-2.7404,2.8972
-0.5634,4.6695
0.6837,5.6848
-0.6268,4.6179
1.7081,6.5188
-2.7788,2.866
-2.0036,3.4971
0.1075,5.2157
-1.5304,3.8823
2.7396,7.3585
-0.1478,5.0079
0.3771,5.4352
-2.3629,3.2046
-2.5427,3.0582
1.5139,6.3607
0.1888,5.2819
-0.8102,4.4686
2.4321,7.1082
1.2828,6.1725
1.58,6.4145
0.9555,5.9061
1.3288,6.21
-0.0521,5.0858
0.8184,5.7945
2.7169,7.34
-2.0869,3.4293
-0.8299,4.4526
2.227,6.9412
0.7881,5.7698
-2.2249,3.3169
0.1406,5.2427
1.6291,6.4545
-0.6367,4.6099
0.2774,5.354
0.9849,5.93
2.3491,7.0406
-0.3994,4.8031
2.2849,6.9883
-1.3605,4.0206
-2.2261,3.3159
0.1058,5.2143
-2.0496,3.4596
2.2458,6.9565
2.1122,6.8478
-2.7139,2.9188
2.1958,6.9158
-2.0641,3.4478
2.2425,6.9538
3.0618,7.6208
1.9624,6.7258
1.8185,6.6087
1.6218,6.4485
-0.4585,4.7549
0.7918,5.7728
-1.625,3.8053
0.0935,5.2043
-0.1488,5.0071
-2.3293,3.2319
1.2652,6.1582
-0.8029,4.4746
-1.6993,3.7448
2.6308,7.2699
-1.1424,4.1982
0.5605,5.5845
-0.2709,4.9077
-2.1076,3.4124
0.5937,5.6115
-0.1301,5.0223
-0.6833,4.5719
-1.868,3.6075
-1.2402,4.1186
-2.8876,2.7774
2.1367,6.8677
2.3164,7.014
2.0418,6.7904
-0.5229,4.7025
-2.2627,3.2861
-1.6219,3.8078
-0.633,4.6129
1.2948,6.1823
-0.6969,4.5609
-1.9791,3.517
-3.0815,2.6195
0.545,5.5719
-2.8161,2.8356
1.0936,6.0185
0.4445,5.4901
0.4381,5.4849
-1.4214,3.971
-0.7143,4.5467
-0.9561,4.3498
1.7968,6.591
1.2221,6.1231
3.1023,7.6538
2.8528,7.4507
2.1512,6.8795
-1.7982,3.6643
3.1191,7.6675
-2.4895,3.1015
-1.0797,4.2492
-0.28,4.9003
2.055,6.8012
2.7653,7.3794
-1.5365,3.8773
-0.8633,4.4254
0.9184,5.8759
0.559,5.5833
-1.2824,4.0842
-0.8601,4.428
3.1212,7.6692
0.3714,5.4306
-1.3022,4.0681
0.2327,5.3176
1.0606,5.9916
-0.8421,4.4426
-0.0604,5.079
2.1082,6.8445
-2.8071,2.8429
-1.8177,3.6484
1.2291,6.1288
-1.6408,3.7924
-2.4656,3.121
-1.9418,3.5474
0.7607,5.7475
2.468,7.1374
-1.0512,4.2724
0.4005,5.4543
-1.4686,3.9326
2.2673,6.974
-1.6646,3.773
-1.0385,4.2828
-0.3785,4.8201
-1.8885,3.5908
2.2852,6.9886
1.6569,6.4771
-1.6788,3.7615
-0.1423,5.0124
-0.3039,4.8808
1.9151,6.6873
1.015,5.9545
0.8215,5.797
0.1966,5.2883
1.1683,6.0793
1.7944,6.589
-1.4263,3.9671
-0.1399,5.0143
1.4952,6.3455
-2.4682,3.1188
2.8714,7.4658
0.2853,5.3605
-1.5582,3.8597
-2.0987,3.4196
-1.2831,4.0836
-2.6202,2.9951
-2.4346,3.1462
2.2002,6.9194
-1.5508,3.8657
0.4934,5.5299
-1.9435,3.546
-1.2521,4.1089
-2.6919,2.9367
1.6444,6.4669
-2.8027,2.8465
-1.1775,4.1696
0.6066,5.622
-1.7932,3.6684
2.9472,7.5275
-0.6525,4.597
-2.0164,3.4866
-0.3712,4.826
1.8569,6.6399
-1.294,4.0748
-0.2965,4.8868
2.8475,7.4464
2.5181,7.1782
2.6326,7.2714
-0.5045,4.7175
0.7512,5.7398
-1.1121,4.2228
-0.0124,5.1181
0.2137,5.3022
0.932,5.8869
-1.4734,3.9287
-0.6419,4.6056
-1.8935,3.5867
1.5465,6.3872
2.9346,7.5173
-0.207,4.9597
0.4794,5.5185
-0.3069,4.8784
2.888,7.4793
1.7748,6.5731
2.6159,7.2578
-0.2318,4.9395
0.2302,5.3156
-0.5607,4.6717
-1.4687,3.9325
2.0244,6.7763
0.9335,5.8882
0.5878,5.6067
-0.4891,4.73
-1.2356,4.1223
1.2783,6.1689
2.0749,6.8174
-0.49,4.7293
-2.2771,3.2744
1.0216,5.9599
-0.4004,4.8022
-2.8432,2.8135
-2.9823,2.7003
-1.89,3.5896
-1.7391,3.7124
2.7546,7.3707
-1.6278,3.803
-1.0932,4.2382
-0.944,4.3597
2.2109,6.9281
-0.7476,4.5196
1.349,6.2264
0.6622,5.6673
1.5854,6.4189
0.9209,5.8779
-2.8784,2.7849
0.9136,5.872
-0.8368,4.447
2.8548,7.4523
-0.2349,4.937
-2.9798,2.7023
2.577,7.2261
-0.0011,5.1273
3.0873,7.6416
0.2783,5.3548
0.3232,5.3913
-0.7287,4.535
1.7305,6.537
-2.0352,3.4713
-0.3075,4.8779
0.5055,5.5397
2.5943,7.2402
1.9078,6.6813
-2.845,2.8121
-2.1206,3.4018
0.6411,5.6501
1.6201,6.4471
-0.9344,4.3675
0.9649,5.9137
2.0129,6.7669
0.7187,5.7133
-1.7753,3.6829
0.1882,5.2814
-2.9715,2.7091
1.284,6.1735
0.6067,5.6221
-0.6367,4.6099
-2.3195,3.2399
-1.2427,4.1165
-3.069,2.6297
2.0979,6.8361
0.5604,5.5844
3.0574,7.6172
0.1929,5.2852
-2.473,3.1149
-1.775,3.6832
-2.4952,3.0969
2.3725,7.0597
1.7745,6.5728
1.4503,6.3089
-2.1982,3.3386
-0.4703,4.7453
-1.2301,4.1268
-2.5769,3.0303
2.3675,7.0556
0.2108,5.2998
3.0211,7.5877
0.0969,5.2071
1.6997,6.5119
-2.7898,2.857
2.1886,6.91
2.2676,6.9743
-1.6388,3.7941
1.3528,6.2295
-1.6755,3.7642
3.0625,7.6214
-1.7613,3.6943
1.8571,6.6401
-1.7008,3.7436
-0.3927,4.8085
-2.5885,3.0209
-0.997,4.3165
1.0805,6.0078
-1.2488,4.1116
0.8569,5.8258
2.5988,7.2439
-2.5505,3.0518
1.4357,6.297
2.7248,7.3465
-1.9385,3.5501
-2.6294,2.9876
0.2984,5.3711
1.4341,6.2957
-0.7516,4.5163
0.9283,5.8839
-1.9878,3.5099
0.0058,5.1329
2.4136,7.0931
-2.9763,2.7052
-1.7342,3.7164
-0.3893,4.8113
2.4323,7.1083
-0.0291,5.1045
3.0155,7.5831
-1.4693,3.932
-2.0881,3.4283
1.2042,6.1085
0.0227,5.1467
-0.9307,4.3705
2.342,7.0348
0.0345,5.1563
3.1364,7.6816
-0.6693,4.5833
-1.1587,4.1849
-1.5239,3.8876
2.554,7.2074
0.0044,5.1318
1.4624,6.3187
2.2359,6.9485
1.7595,6.5606
-2.7096,2.9223
2.3975,7.08
-1.1383,4.2015
-2.3276,3.2333
0.2912,5.3653
2.6514,7.2867
-0.6941,4.5631
-2.5952,3.0154
-1.1071,4.2269
-2.2243,3.3174
2.7618,7.3766
2.9063,7.4942
-0.7241,4.5387
-1.8579,3.6157
0.4608,5.5033
-2.4401,3.1417
0.8928,5.855
-2.3492,3.2157
-1.1857,4.1629
-0.2222,4.9473
0.6712,5.6746
0.2938,5.3674
-2.8554,2.8036
-0.9447,4.3591
2.9635,7.5408
-0.8974,4.3976
1.1661,6.0775
1.1221,6.0417
2.2871,6.9901
0.311,5.3814
1.3326,6.2131
1.9287,6.6984
2.2097,6.9271
2.3726,7.0597
0.6721,5.6754
-2.431,3.1491
-2.9519,2.7251
2.7706,7.3838
-2.552,3.0506
2.6332,7.2719
2.7084,7.3331
2.59,7.2367
0.8026,5.7816
1.2231,6.1239
-2.3285,3.2326
-0.2899,4.8922
-0.0035,5.1254
-1.6017,3.8243
-3.091,2.6118
3.1183,7.6668
-0.4852,4.7332
-1.8143,3.6512
1.5127,6.3597
-0.5897,4.6481
2.364,7.0527
-0.1301,5.0223
0.8108,5.7883
-1.0672,4.2594
-0.481,4.7366
0.114,5.221
-0.5914,4.6467
-3.1321,2.5784
-0.9432,4.3603
0.5763,5.5974
0.6939,5.6931
0.8221,5.7975
-2.958,2.7201
1.0524,5.985
2.4974,7.1613
-2.1382,3.3875
1.521,6.3665
-2.4552,3.1294
-1.6193,3.8099
-2.6577,2.9646
0.1207,5.2265
1.7656,6.5656
1.3243,6.2063
2.5161,7.1766
0.9838,5.9291
2.9764,7.5513
-0.589,4.6487
0.4656,5.5073
1.7155,6.5248
-0.6195,4.6239
-2.5589,3.045
0.7428,5.7329
-0.8039,4.4737
-2.4759,3.1126
2.8238,7.4271
-2.0991,3.4193
1.5685,6.4051
-2.5304,3.0682
-1.9548,3.5368
-1.8137,3.6517
1.4936,6.3441
0.9152,5.8733
-1.9522,3.5389
0.1084,5.2165
1.4519,6.3102
-0.3386,4.8526
-0.1928,4.9712
-2.302,3.2541
-0.5454,4.6842
0.1789,5.2738
2.5581,7.2108
-0.4463,4.7649
2.3951,7.0781
-0.9193,4.3798
2.9172,7.5031
0.9436,5.8964
-1.9197,3.5654
-0.4546,4.7581
-1.1549,4.188
2.8952,7.4852
1.6133,6.4416
0.9667,5.9152
0.7945,5.775
-1.2152,4.1389
-2.4884,3.1024
-3.1109,2.5956
0.2091,5.2984
-2.7286,2.9068
-2.1655,3.3653
0.6545,5.661
0.4315,5.4795
-1.0514,4.2723
0.9103,5.8693
-1.4215,3.971
2.5129,7.174
-2.713,2.9195
-1.0529,4.271
-2.1021,3.4169
-1.9575,3.5346
-1.4385,3.9571
-0.1677,4.9917
-0.2406,4.9323
-0.693,4.564
-1.7644,3.6918
-3.0863,2.6156
-1.2384,4.12
1.3388,6.2181
0.8323,5.8058
-0.7496,4.518
0.8598,5.8282
0.3222,5.3905
2.9684,7.5448
1.6818,6.4974
1.3145,6.1983
0.3509,5.4139
-1.7388,3.7126
0.9758,5.9226
0.9064,5.8661
2.7037,7.3293
-2.7419,2.896
-0.0536,5.0846
2.514,7.1749
1.9815,6.7413
2.3128,7.0111
-0.4965,4.724
0.8008,5.7801
-1.9755,3.5199
-1.8353,3.6341
1.5177,6.3638
-3.1412,2.5709
0.1066,5.215
-2.9593,2.719
-2.6374,2.9811
3.0146,7.5824
-0.1786,4.9828
-3.1205,2.5878
0.9524,5.9036
0.7665,5.7522
-2.7779,2.8667
-0.0683,5.0726
-0.1271,5.0247
-2.499,3.0938
-0.8703,4.4197
2.4556,7.1273
1.9633,6.7265
2.6587,7.2927
1.5278,6.372
3.1269,7.6738
3.0485,7.61
3.0731,7.63
1.3523,6.2291
1.5253,6.37
-1.6119,3.816
-1.2639,4.0993
1.255,6.1499
-2.7713,2.8721
0.8798,5.8445
-2.0742,3.4396
-1.992,3.5065
1.6321,6.4569
-0.4944,4.7257
2.2013,6.9203
1.6866,6.5013
0.3757,5.4341
3.0024,7.5725
0.5772,5.5981
2.8693,7.4641
-0.1365,5.0171
1.8158,6.6065
-1.6558,3.7802
1.7874,6.5833
-0.1823,4.9798
0.8737,5.8395
1.5314,6.3749
-0.1154,5.0343
-0.6472,4.6013
0.0281,5.1511
-0.1519,5.0045
-0.9458,4.3582
2.0913,6.8307
-2.0297,3.4758
-0.5279,4.6984
-2.1393,3.3866
0.9345,5.889
-0.6998,4.5585
1.983,6.7426
1.3491,6.2265
1.8318,6.6195
-2.7838,2.8619
-2.1611,3.3688
-2.0869,3.4293
-1.0301,4.2896
-2.8615,2.7987
1.1286,6.047
-1.3555,4.0247
-1.4311,3.9631
1.4767,6.3304
-0.8314,4.4514
-1.4972,3.9093
2.6944,7.3217
2.0394,6.7885
1.032,5.9684
-3.0455,2.6489
-1.2644,4.0989
2.5845,7.2323
0.3058,5.3772
1.4142,6.2795
-2.3041,3.2524
0.7536,5.7417
2.1453,6.8747
-1.0747,4.2533
-2.0074,3.494
0.5156,5.548
-1.4004,3.9881
-3.1027,2.6023
2.6246,7.2649
-0.861,4.4273
1.2725,6.1642
0.801,5.7803
1.0279,5.965
2.2508,6.9606
-2.7173,2.916
0.274,5.3513
-1.1966,4.154
1.3393,6.2185
-1.2703,4.0941
1.9085,6.6819
2.2762,6.9813
-2.9916,2.6927
-2.267,3.2826
1.5019,6.3509
-2.0851,3.4307
-1.4987,3.9081
0.9163,5.8742
0.6651,5.6697
-3.1193,2.5888
-0.3445,4.8477
-0.4888,4.7303
-2.0022,3.4982
-2.4456,3.1372
0.0161,5.1413
0.5501,5.576
-2.4132,3.1636
-1.594,3.8305
2.6073,7.2508
-2.0726,3.4409
-0.7985,4.4781
2.999,7.5697
-1.533,3.8802
1.0983,6.0223
-2.7499,2.8895
-1.0544,4.2698
0.332,5.3985
-1.2318,4.1254
-0.5944,4.6443
-2.6013,3.0105
0.1758,5.2713
3.0259,7.5916
1.614,6.4422
1.1443,6.0598
-0.6828,4.5723
-2.1636,3.3668
0.7527,5.741
-1.3939,3.9934
0.6981,5.6965
-1.6336,3.7983
0.0539,5.1721
1.8768,6.6561
-1.6209,3.8086
-0.7903,4.4848
-2.5556,3.0477
-0.1217,5.0291
2.5356,7.1924
2.6214,7.2623
2.0207,6.7733
0.5188,5.5506
-0.9923,4.3204
0.9472,5.8993
2.4231,7.1009
2.3948,7.0778
2.9448,7.5256
-2.8515,2.8068
2.4012,7.083
-2.0893,3.4273
-2.6102,3.0032
-2.0441,3.4641
1.8193,6.6093
1.8725,6.6526
2.7119,7.336
-2.1608,3.3691
2.2377,6.9499
-0.8112,4.4678
-0.1894,4.974
-1.3899,3.9967
-2.4363,3.1448
0.6264,5.6382
1.2138,6.1164
-0.7111,4.5493
-0.4813,4.7364
2.4605,7.1313
0.3205,5.3891
1.0877,6.0137
-2.487,3.1035
-3.0378,2.6551
-1.197,4.1537
-0.6475,4.6011
-0.9436,4.36
-2.8395,2.8166
3.0633,7.622
1.6312,6.4562
-1.674,3.7654
-0.0248,5.108
0.1836,5.2777
2.7631,7.3777
-1.2704,4.094
3.0896,7.6435
0.9277,5.8834
0.4134,5.4648
0.8891,5.852
-2.4732,3.1148
2.4031,7.0846
1.6457,6.468
-2.8755,2.7873
0.0653,5.1814
-0.3862,4.8138
-1.9991,3.5007
-2.1786,3.3546
-0.2351,4.9368
0.6056,5.6212
-0.2623,4.9147
-2.4383,3.1432
-3.0169,2.6721
-2.1816,3.3522
2.2046,6.923
0.5971,5.6143
3.0601,7.6194
-3.1134,2.5936
1.8059,6.5984
1.9125,6.6852
-2.2595,3.2887
-2.009,3.4927
-2.9275,2.7449
-2.3163,3.2425
-1.3589,4.0219
2.7922,7.4013
-0.658,4.5925
-1.4592,3.9403
2.7338,7.3538
2.2996,7.0003
0.1067,5.2151
-2.909,2.76
1.0154,5.9548
-0.3084,4.8771
-0.8302,4.4523
2.6691,7.3011
2.3482,7.0399
-1.0743,4.2536
-0.8914,4.4025
-0.356,4.8384
3.1243,7.6717
-1.6539,3.7818
-2.2456,3.3001
-2.913,2.7567
1.4681,6.3234
-1.6433,3.7904
1.9922,6.7501
2.5464,7.2012
1.3878,6.258
-0.0638,5.0763
1.1603,6.0728
0.5559,5.5808
2.1877,6.9092
-1.3228,4.0513
1.9018,6.6765
2.5776,7.2266
-1.6163,3.8124
-0.4094,4.7949
0.7331,5.725
2.527,7.1854
-2.2719,3.2786
-0.3159,4.871
0.3103,5.3808
1.124,6.0433
-0.8091,4.4695
-0.6139,4.6284
1.2126,6.1154
-3.1381,2.5735
0.2633,5.3426
-3.1184,2.5895
0.6791,5.6811
-1.8761,3.6009
-1.3342,4.042
0.016,5.1412
0.4808,5.5196
-0.7606,4.509
2.4855,7.1517
2.0032,6.759
2.3411,7.0341
-1.9937,3.5051
0.3834,5.4403
-2.3924,3.1805
0.2501,5.3318
1.6318,6.4567
2.6895,7.3177
0.0628,5.1793
-2.2365,3.3075
1.2789,6.1694
2.1891,6.9104
2.3986,7.0809
-0.2052,4.9612
-1.03,4.2897
-0.3037,4.881
-1.1197,4.2167
-2.5793,3.0284
-2.0516,3.458
0.037,5.1583
-2.3049,3.2518
2.0924,6.8316
-3.1318,2.5786
-2.6814,2.9453
0.5661,5.5891
2.6181,7.2596
1.7682,6.5677
-2.3292,3.232
-2.5397,3.0606
-0.3977,4.8044
-2.0759,3.4382
-1.2526,4.1085
0.7167,5.7117
-1.9757,3.5198
0.7875,5.7693
-1.6395,3.7935
-0.0712,5.0702
-2.1863,3.3483
-3.0306,2.661
-2.3166,3.2423
-0.846,4.4395
-0.3374,4.8535
-1.0585,4.2665
-2.2422,3.3028
2.9456,7.5262
2.4456,7.1192
0.9238,5.8803
-2.0406,3.4669
-2.8155,2.8361
-0.7156,4.5456
2.0095,6.7641
1.4801,6.3332
-1.0189,4.2987
2.683,7.3124
-1.9436,3.5459
1.1561,6.0694
0.7675,5.753
0.6412,5.6502
-1.1957,4.1548
1.4077,6.2742
-2.4677,3.1192
0.978,5.9244
0.8056,5.784
2.3406,7.0337
-2.2819,3.2705
2.7268,7.3481
-0.3502,4.8431
1.6955,6.5085
-0.3348,4.8556
-0.5488,4.6814
0.9499,5.9015
2.8555,7.4529
2.064,6.8085
-2.9061,2.7623
-1.5653,3.8539
-0.2318,4.9395
-0.9704,4.3382
-2.5175,3.0787
-0.0365,5.0985
1.8024,6.5955
1.7902,6.5856
-0.0626,5.0772
2.1996,6.9189
-1.0948,4.2369
1.2974,6.1844
0.717,5.7119
-2.261,3.2875
0.4075,5.46
2.2098,6.9272
0.1594,5.258
-1.1651,4.1797
2.0183,6.7713
0.2728,5.3503
-0.4378,4.7718
-1.7963,3.6658
2.0357,6.7855
-2.3167,3.2422
1.9716,6.7333
1.2558,6.1506
2.6704,7.3022
-1.6842,3.7571
0.9985,5.9411
0.8657,5.833
0.0807,5.1939
0.0007,5.1288
0.0109,5.1371
-0.1382,5.0157
-2.4309,3.1492
2.5529,7.2065
-2.9076,2.7611
0.5755,5.5967
-2.3606,3.2064
-0.1176,5.0325
1.918,6.6897
-2.8928,2.7732
-1.2437,4.1157
-1.3381,4.0389
-2.0547,3.4555
-2.7692,2.8738
2.3143,7.0123
0.5433,5.5705
-1.8562,3.6171
-2.9537,2.7236
-2.8954,2.7711
-1.0381,4.2831
-2.6853,2.9421
2.1198,6.8539
2.37,7.0576
-1.4095,3.9807
-0.3848,4.8149
-1.8366,3.633
-2.6846,2.9427
1.7765,6.5745
1.859,6.6416
-2.5166,3.0794
-1.0458,4.2768
-2.8307,2.8237
2.5004,7.1638
-0.877,4.4142
-0.7511,4.5167
-1.3311,4.0446
2.7034,7.329
-1.6169,3.8119
-2.3354,3.2269
-2.3734,3.196
3.0746,7.6312
2.2543,6.9634
-0.3504,4.8429
1.9922,6.7501
2.6865,7.3153
1.2124,6.1152
-1.2667,4.097
-2.8092,2.8412
0.0746,5.1889
1.3661,6.2404
-3.0785,2.622
0.4991,5.5345
-0.65,4.599
2.9953,7.5667
3.0714,7.6286
-2.2946,3.2602
-0.4946,4.7255
2.1892,6.9104
1.6004,6.4311
2.2352,6.9479
1.9577,6.722
1.0422,5.9767
-0.5398,4.6888
-0.381,4.818
0.6698,5.6735
0.9401,5.8935
2.6477,7.2837
2.1852,6.9072
0.0029,5.1306
-2.4518,3.1322
2.7222,7.3444
-1.5358,3.8779
1.9883,6.7469
2.7591,7.3744
0.7007,5.6986
0.261,5.3407
0.7422,5.7324
2.9937,7.5654
-0.8107,4.4682
-0.5163,4.7079
3.0138,7.5817
2.3019,7.0022
0.3383,5.4036
-0.4978,4.7229
2.5126,7.1737
-2.3428,3.2209
1.2839,6.1734
0.993,5.9366
-0.9216,4.3779
-1.8962,3.5845
-1.8328,3.6361
0.6329,5.6435
-0.5584,4.6736
1.1097,6.0316
0.6869,5.6874
1.9372,6.7053
-0.0073,5.1223
0.5289,5.5588
3.0202,7.587
-1.037,4.284
-2.0843,3.4314
-1.8086,3.6558
-2.4674,3.1195
-2.8778,2.7854
-2.0099,3.4919
-1.6042,3.8222
-2.8208,2.8318
0.86,5.8283
1.5377,6.3801
1.961,6.7247
-2.7044,2.9265
-3.1156,2.5918
1.6647,6.4834
-2.8414,2.815
1.1654,6.077
2.6156,7.2576
-0.5047,4.7173
1.3881,6.2583
2.3441,7.0365
-0.152,5.0045
3.083,7.6381
-0.8514,4.4351
0.2248,5.3112
-0.7654,4.5051
2.1504,6.8789
-1.5917,3.8324
-2.4569,3.128
0.7592,5.7463
-2.0958,3.422
0.4749,5.5148
-2.4173,3.1603
-0.249,4.9255
2.2243,6.939
2.743,7.3613
1.422,6.2859
-1.1661,4.1789
-0.9649,4.3427
-1.2276,4.1288
0.9777,5.9242
0.2519,5.3333
-0.3855,4.8144
1.9879,6.7466
3.0512,7.6122
-2.9286,2.744
1.4303,6.2926
0.8119,5.7892
-0.399,4.8034
-0.8767,4.4145
-0.1303,5.0221
-1.9616,3.5313
0.3259,5.3935
-0.3985,4.8038
2.5204,7.1801
2.2895,6.9921
1.539,6.3811
-0.835,4.4484
-1.0522,4.2716
2.9947,7.5662
-0.9404,4.3626
1.8397,6.6259
2.255,6.964
-1.9066,3.576
-0.042,5.094
-2.628,2.9887
2.6227,7.2634
1.1148,6.0358
-1.6454,3.7887
-1.8692,3.6065
-0.2706,4.9079
2.2211,6.9364
-2.256,3.2916
-0.5493,4.681
1.9886,6.7471
1.4028,6.2702
2.2092,6.9267
-1.329,4.0463
-3.1338,2.577
1.0436,5.9778
1.1153,6.0362
0.5955,5.613
2.2601,6.9682
0.4535,5.4974
-0.7098,4.5504
-2.4299,3.15
-0.1598,4.9981
1.0853,6.0118
1.9063,6.6801
2.7061,7.3312
-2.9334,2.7401
-2.5018,3.0915
-1.5964,3.8286
-0.7938,4.482
1.1372,6.054
-0.4332,4.7755
-2.9434,2.732
-2.245,3.3005
0.108,5.2161
-0.0113,5.119
-0.8639,4.4249
-2.3559,3.2103
0.4289,5.4774
1.1467,6.0617
0.9486,5.9005
0.1677,5.2647
-1.9275,3.559
1.9677,6.7301
0.6211,5.6338
-3.1037,2.6015
1.6942,6.5075
-2.9491,2.7273
1.4506,6.3091
1.364,6.2386
1.0145,5.9541
-2.0522,3.4575
1.5762,6.4114
2.2964,6.9977
-1.3221,4.0519
2.2718,6.9777
1.6553,6.4758
-2.8882,2.7769
-2.1474,3.38
2.9922,7.5642
-2.7592,2.8819
0.8076,5.7857
-1.3424,4.0354
-2.1672,3.3639
0.7044,5.7017
-2.6427,2.9768
2.4386,7.1135
1.6778,6.4941
-1.775,3.6832
1.7432,6.5473
2.8839,7.476
0.0578,5.1753
-1.9679,3.5261
1.2926,6.1805
-3.1296,2.5804
0.196,5.2878
1.4489,6.3078
0.9266,5.8826
0.9734,5.9207
2.3476,7.0394
1.4667,6.3222
3.116,7.6649
0.2392,5.3229
2.3416,7.0345
2.5017,7.1648
1.404,6.2712
-2.4251,3.1539
0.8599,5.8283
-1.3144,4.0581
0.6446,5.653
1.5182,6.3642
2.0611,6.8062
-0.5706,4.6637
0.4836,5.5219
2.1371,6.868
0.4212,5.4711
